"round","12_iid_q0.01 - _step","12_iid_q0.01 - _step__MIN","12_iid_q0.01 - _step__MAX","12_iid_q0.01 - length_unique","12_iid_q0.01 - length_unique__MIN","12_iid_q0.01 - length_unique__MAX","12_iid_q0.1 - _step","12_iid_q0.1 - _step__MIN","12_iid_q0.1 - _step__MAX","12_iid_q0.1 - length_unique","12_iid_q0.1 - length_unique__MIN","12_iid_q0.1 - length_unique__MAX","12_iid_q0.5 - _step","12_iid_q0.5 - _step__MIN","12_iid_q0.5 - _step__MAX","12_iid_q0.5 - length_unique","12_iid_q0.5 - length_unique__MIN","12_iid_q0.5 - length_unique__MAX","8_iid_q0.01 - _step","8_iid_q0.01 - _step__MIN","8_iid_q0.01 - _step__MAX","8_iid_q0.01 - length_unique","8_iid_q0.01 - length_unique__MIN","8_iid_q0.01 - length_unique__MAX","8_iid_q0.1 - _step","8_iid_q0.1 - _step__MIN","8_iid_q0.1 - _step__MAX","8_iid_q0.1 - length_unique","8_iid_q0.1 - length_unique__MIN","8_iid_q0.1 - length_unique__MAX","8_iid_q0.5 - _step","8_iid_q0.5 - _step__MIN","8_iid_q0.5 - _step__MAX","8_iid_q0.5 - length_unique","8_iid_q0.5 - length_unique__MIN","8_iid_q0.5 - length_unique__MAX","4_iid_q0.01 - _step","4_iid_q0.01 - _step__MIN","4_iid_q0.01 - _step__MAX","4_iid_q0.01 - length_unique","4_iid_q0.01 - length_unique__MIN","4_iid_q0.01 - length_unique__MAX","4_iid_q0.1 - _step","4_iid_q0.1 - _step__MIN","4_iid_q0.1 - _step__MAX","4_iid_q0.1 - length_unique","4_iid_q0.1 - length_unique__MIN","4_iid_q0.1 - length_unique__MAX","4_iid,q0.5 - _step","4_iid,q0.5 - _step__MIN","4_iid,q0.5 - _step__MAX","4_iid,q0.5 - length_unique","4_iid,q0.5 - length_unique__MIN","4_iid,q0.5 - length_unique__MAX"
"0","1","1","1","0","0","0","1","1","1","0","0","0","1","1","1","0","0","0","1","1","1","0","0","0","1","1","1","0","0","0","1","1","1","0","0","0","1","1","1","0","0","0","1","1","1","0","0","0","1","1","1","0","0","0"
"1","5","5","5","180","180","180","5","5","5","1546","1546","1546","5","5","5","6426","6426","6426","5","5","5","136","136","136","5","5","5","1364","1364","1364","5","5","5","6180","6180","6180","5","5","5","103","103","103","5","5","5","1164","1164","1164","5","5","5","5571","5571","5571"
"2","9","9","9","294","294","294","9","9","9","2750","2750","2750","9","9","9","6845","6845","6845","9","9","9","218","218","218","9","9","9","2304","2304","2304","9","9","9","6768","6768","6768","9","9","9","145","145","145","9","9","9","1666","1666","1666","9","9","9","6431","6431","6431"
"3","13","13","13","433","433","433","13","13","13","3822","3822","3822","13","13","13","6901","6901","6901","13","13","13","311","311","311","13","13","13","3131","3131","3131","13","13","13","6844","6844","6844","13","13","13","187","187","187","13","13","13","2092","2092","2092","13","13","13","6452","6452","6452"
"4","17","17","17","505","505","505","17","17","17","4416","4416","4416","17","17","17","6942","6942","6942","17","17","17","355","355","355","17","17","17","3657","3657","3657","17","17","17","6927","6927","6927","17","17","17","228","228","228","17","17","17","2308","2308","2308","17","17","17","6511","6511","6511"
"5","21","21","21","610","610","610","21","21","21","4706","4706","4706","21","21","21","7009","7009","7009","21","21","21","444","444","444","21","21","21","3797","3797","3797","21","21","21","6914","6914","6914","21","21","21","234","234","234","21","21","21","2384","2384","2384","21","21","21","6446","6446","6446"
"6","25","25","25","655","655","655","25","25","25","4615","4615","4615","25","25","25","7008","7008","7008","25","25","25","435","435","435","25","25","25","3865","3865","3865","25","25","25","6890","6890","6890","25","25","25","262","262","262","25","25","25","2462","2462","2462","25","25","25","6419","6419","6419"
"7","29","29","29","661","661","661","29","29","29","4794","4794","4794","29","29","29","6983","6983","6983","29","29","29","481","481","481","29","29","29","3862","3862","3862","29","29","29","6837","6837","6837","29","29","29","257","257","257","29","29","29","2483","2483","2483","29","29","29","6376","6376","6376"
"8","33","33","33","697","697","697","33","33","33","4792","4792","4792","33","33","33","6944","6944","6944","33","33","33","506","506","506","33","33","33","3933","3933","3933","33","33","33","6818","6818","6818","33","33","33","268","268","268","33","33","33","2489","2489","2489","33","33","33","6405","6405","6405"
"9","37","37","37","764","764","764","37","37","37","4782","4782","4782","37","37","37","6908","6908","6908","37","37","37","526","526","526","37","37","37","3864","3864","3864","37","37","37","6803","6803","6803","37","37","37","292","292","292","37","37","37","2461","2461","2461","37","37","37","6395","6395","6395"
"10","41","41","41","754","754","754","41","41","41","4804","4804","4804","41","41","41","6929","6929","6929","41","41","41","529","529","529","41","41","41","3911","3911","3911","41","41","41","6809","6809","6809","41","41","41","274","274","274","41","41","41","2509","2509","2509","41","41","41","6403","6403","6403"
"11","45","45","45","767","767","767","45","45","45","4777","4777","4777","45","45","45","6877","6877","6877","45","45","45","535","535","535","45","45","45","3894","3894","3894","45","45","45","6837","6837","6837","45","45","45","283","283","283","45","45","45","2521","2521","2521","45","45","45","6339","6339","6339"
"12","49","49","49","804","804","804","49","49","49","4783","4783","4783","49","49","49","6908","6908","6908","49","49","49","560","560","560","49","49","49","3868","3868","3868","49","49","49","6830","6830","6830","49","49","49","295","295","295","49","49","49","2522","2522","2522","49","49","49","6407","6407","6407"
"13","53","53","53","786","786","786","53","53","53","4752","4752","4752","53","53","53","6911","6911","6911","53","53","53","557","557","557","53","53","53","3908","3908","3908","53","53","53","6802","6802","6802","53","53","53","283","283","283","53","53","53","2494","2494","2494","53","53","53","6361","6361","6361"
"14","57","57","57","800","800","800","57","57","57","4730","4730","4730","57","57","57","6969","6969","6969","57","57","57","546","546","546","57","57","57","3904","3904","3904","57","57","57","6853","6853","6853","57","57","57","296","296","296","57","57","57","2525","2525","2525","57","57","57","6358","6358","6358"
"15","61","61","61","816","816","816","61","61","61","4701","4701","4701","61","61","61","6962","6962","6962","61","61","61","572","572","572","61","61","61","3934","3934","3934","61","61","61","6853","6853","6853","61","61","61","299","299","299","61","61","61","2499","2499","2499","61","61","61","6318","6318","6318"
"16","65","65","65","816","816","816","65","65","65","4795","4795","4795","65","65","65","6965","6965","6965","65","65","65","571","571","571","65","65","65","3918","3918","3918","65","65","65","6869","6869","6869","65","65","65","285","285","285","65","65","65","2493","2493","2493","65","65","65","6271","6271","6271"
"17","69","69","69","813","813","813","69","69","69","4758","4758","4758","69","69","69","6981","6981","6981","69","69","69","554","554","554","69","69","69","3917","3917","3917","69","69","69","6826","6826","6826","69","69","69","301","301","301","69","69","69","2500","2500","2500","69","69","69","6301","6301","6301"
"18","73","73","73","827","827","827","73","73","73","4742","4742","4742","73","73","73","6974","6974","6974","73","73","73","575","575","575","73","73","73","3930","3930","3930","73","73","73","6809","6809","6809","73","73","73","303","303","303","73","73","73","2503","2503","2503","73","73","73","6246","6246","6246"
"19","77","77","77","837","837","837","77","77","77","4774","4774","4774","77","77","77","6987","6987","6987","77","77","77","570","570","570","77","77","77","3954","3954","3954","77","77","77","6782","6782","6782","77","77","77","292","292","292","77","77","77","2526","2526","2526","77","77","77","6255","6255","6255"
"20","81","81","81","803","803","803","81","81","81","4740","4740","4740","81","81","81","6984","6984","6984","81","81","81","564","564","564","81","81","81","3954","3954","3954","81","81","81","6796","6796","6796","81","81","81","298","298","298","81","81","81","2547","2547","2547","81","81","81","6253","6253","6253"
"21","85","85","85","843","843","843","85","85","85","4720","4720","4720","85","85","85","6935","6935","6935","85","85","85","577","577","577","85","85","85","3952","3952","3952","85","85","85","6763","6763","6763","85","85","85","297","297","297","85","85","85","2505","2505","2505","85","85","85","6218","6218","6218"
"22","89","89","89","857","857","857","89","89","89","4757","4757","4757","89","89","89","6954","6954","6954","89","89","89","574","574","574","89","89","89","3908","3908","3908","89","89","89","6754","6754","6754","89","89","89","300","300","300","89","89","89","2521","2521","2521","89","89","89","6236","6236","6236"
"23","93","93","93","841","841","841","93","93","93","4775","4775","4775","93","93","93","6909","6909","6909","93","93","93","600","600","600","93","93","93","3925","3925","3925","93","93","93","6756","6756","6756","93","93","93","299","299","299","93","93","93","2496","2496","2496","93","93","93","6235","6235","6235"
"24","97","97","97","824","824","824","97","97","97","4771","4771","4771","97","97","97","6931","6931","6931","97","97","97","560","560","560","97","97","97","3948","3948","3948","97","97","97","6731","6731","6731","97","97","97","304","304","304","97","97","97","2542","2542","2542","97","97","97","6201","6201","6201"
"25","101","101","101","845","845","845","101","101","101","4760","4760","4760","101","101","101","6893","6893","6893","101","101","101","578","578","578","101","101","101","3920","3920","3920","101","101","101","6714","6714","6714","101","101","101","304","304","304","101","101","101","2512","2512","2512","101","101","101","6206","6206","6206"
"26","105","105","105","833","833","833","105","105","105","4790","4790","4790","105","105","105","6901","6901","6901","105","105","105","582","582","582","105","105","105","3918","3918","3918","105","105","105","6700","6700","6700","105","105","105","298","298","298","105","105","105","2502","2502","2502","105","105","105","6239","6239","6239"
"27","109","109","109","842","842","842","109","109","109","4698","4698","4698","109","109","109","6887","6887","6887","109","109","109","593","593","593","109","109","109","3946","3946","3946","109","109","109","6720","6720","6720","109","109","109","308","308","308","109","109","109","2533","2533","2533","109","109","109","6239","6239","6239"
"28","113","113","113","857","857","857","113","113","113","4796","4796","4796","113","113","113","6919","6919","6919","113","113","113","572","572","572","113","113","113","3934","3934","3934","113","113","113","6728","6728","6728","113","113","113","302","302","302","113","113","113","2521","2521","2521","113","113","113","6211","6211","6211"
"29","117","117","117","844","844","844","117","117","117","4774","4774","4774","117","117","117","6903","6903","6903","117","117","117","582","582","582","117","117","117","3915","3915","3915","117","117","117","6731","6731","6731","117","117","117","302","302","302","117","117","117","2485","2485","2485","117","117","117","6202","6202","6202"
"30","121","121","121","840","840","840","121","121","121","4730","4730","4730","121","121","121","6922","6922","6922","121","121","121","586","586","586","121","121","121","3948","3948","3948","121","121","121","6729","6729","6729","121","121","121","306","306","306","121","121","121","2516","2516","2516","121","121","121","6189","6189","6189"
"31","125","125","125","846","846","846","125","125","125","4795","4795","4795","125","125","125","6878","6878","6878","125","125","125","584","584","584","125","125","125","3943","3943","3943","125","125","125","6732","6732","6732","125","125","125","300","300","300","125","125","125","2506","2506","2506","125","125","125","6183","6183","6183"
"32","129","129","129","853","853","853","129","129","129","4815","4815","4815","129","129","129","6930","6930","6930","129","129","129","576","576","576","129","129","129","3907","3907","3907","129","129","129","6764","6764","6764","129","129","129","302","302","302","129","129","129","2524","2524","2524","129","129","129","6205","6205","6205"
"33","133","133","133","832","832","832","133","133","133","4788","4788","4788","133","133","133","6962","6962","6962","133","133","133","581","581","581","133","133","133","3878","3878","3878","133","133","133","6765","6765","6765","133","133","133","303","303","303","133","133","133","2518","2518","2518","133","133","133","6171","6171","6171"
"34","137","137","137","839","839","839","137","137","137","4755","4755","4755","137","137","137","6952","6952","6952","137","137","137","591","591","591","137","137","137","3940","3940","3940","137","137","137","6678","6678","6678","137","137","137","307","307","307","137","137","137","2507","2507","2507","137","137","137","6104","6104","6104"
"35","141","141","141","852","852","852","141","141","141","4711","4711","4711","141","141","141","6893","6893","6893","141","141","141","585","585","585","141","141","141","3926","3926","3926","141","141","141","6729","6729","6729","141","141","141","305","305","305","141","141","141","2528","2528","2528","141","141","141","6141","6141","6141"
"36","145","145","145","861","861","861","145","145","145","4739","4739","4739","145","145","145","6964","6964","6964","145","145","145","588","588","588","145","145","145","3875","3875","3875","145","145","145","6696","6696","6696","145","145","145","308","308","308","145","145","145","2528","2528","2528","145","145","145","6137","6137","6137"
"37","149","149","149","841","841","841","149","149","149","4765","4765","4765","149","149","149","6894","6894","6894","149","149","149","590","590","590","149","149","149","3946","3946","3946","149","149","149","6683","6683","6683","149","149","149","308","308","308","149","149","149","2491","2491","2491","149","149","149","6117","6117","6117"
"38","153","153","153","835","835","835","153","153","153","4764","4764","4764","153","153","153","6929","6929","6929","153","153","153","594","594","594","153","153","153","3962","3962","3962","153","153","153","6674","6674","6674","153","153","153","303","303","303","153","153","153","2536","2536","2536","153","153","153","6128","6128","6128"
"39","157","157","157","844","844","844","157","157","157","4718","4718","4718","157","157","157","6905","6905","6905","157","157","157","584","584","584","157","157","157","3928","3928","3928","157","157","157","6687","6687","6687","157","157","157","303","303","303","157","157","157","2513","2513","2513","157","157","157","6114","6114","6114"
"40","161","161","161","849","849","849","161","161","161","4750","4750","4750","161","161","161","6856","6856","6856","161","161","161","582","582","582","161","161","161","3917","3917","3917","161","161","161","6691","6691","6691","161","161","161","307","307","307","161","161","161","2512","2512","2512","161","161","161","6114","6114","6114"
"41","165","165","165","863","863","863","165","165","165","4736","4736","4736","165","165","165","6878","6878","6878","165","165","165","588","588","588","165","165","165","3899","3899","3899","165","165","165","6630","6630","6630","165","165","165","310","310","310","165","165","165","2544","2544","2544","165","165","165","6125","6125","6125"
"42","169","169","169","842","842","842","169","169","169","4730","4730","4730","169","169","169","6890","6890","6890","169","169","169","582","582","582","169","169","169","3901","3901","3901","169","169","169","6639","6639","6639","169","169","169","304","304","304","169","169","169","2521","2521","2521","169","169","169","6079","6079","6079"
"43","173","173","173","847","847","847","173","173","173","4745","4745","4745","173","173","173","6853","6853","6853","173","173","173","583","583","583","173","173","173","3897","3897","3897","173","173","173","6644","6644","6644","173","173","173","300","300","300","173","173","173","2488","2488","2488","173","173","173","6063","6063","6063"
"44","177","177","177","838","838","838","177","177","177","4699","4699","4699","177","177","177","6877","6877","6877","177","177","177","580","580","580","177","177","177","3906","3906","3906","177","177","177","6617","6617","6617","177","177","177","301","301","301","177","177","177","2520","2520","2520","177","177","177","6137","6137","6137"
"45","181","181","181","849","849","849","181","181","181","4698","4698","4698","181","181","181","6835","6835","6835","181","181","181","583","583","583","181","181","181","3946","3946","3946","181","181","181","6612","6612","6612","181","181","181","303","303","303","181","181","181","2514","2514","2514","181","181","181","6114","6114","6114"
"46","185","185","185","846","846","846","185","185","185","4744","4744","4744","185","185","185","6853","6853","6853","185","185","185","576","576","576","185","185","185","3898","3898","3898","185","185","185","6639","6639","6639","185","185","185","305","305","305","185","185","185","2488","2488","2488","185","185","185","6076","6076","6076"
"47","189","189","189","858","858","858","189","189","189","4755","4755","4755","189","189","189","6825","6825","6825","189","189","189","592","592","592","189","189","189","3891","3891","3891","189","189","189","6614","6614","6614","189","189","189","301","301","301","189","189","189","2498","2498","2498","189","189","189","6093","6093","6093"
"48","193","193","193","849","849","849","193","193","193","4705","4705","4705","193","193","193","6886","6886","6886","193","193","193","582","582","582","193","193","193","3887","3887","3887","193","193","193","6603","6603","6603","193","193","193","307","307","307","193","193","193","2515","2515","2515","193","193","193","6079","6079","6079"
"49","197","197","197","856","856","856","197","197","197","4702","4702","4702","197","197","197","6828","6828","6828","197","197","197","591","591","591","197","197","197","3910","3910","3910","197","197","197","6627","6627","6627","197","197","197","304","304","304","197","197","197","2517","2517","2517","197","197","197","6063","6063","6063"
"50","201","201","201","845","845","845","201","201","201","4751","4751","4751","201","201","201","6884","6884","6884","201","201","201","583","583","583","201","201","201","3935","3935","3935","201","201","201","6585","6585","6585","201","201","201","307","307","307","201","201","201","2520","2520","2520","201","201","201","6101","6101","6101"
"51","205","205","205","852","852","852","205","205","205","4743","4743","4743","205","205","205","6821","6821","6821","205","205","205","579","579","579","205","205","205","3886","3886","3886","205","205","205","6632","6632","6632","205","205","205","301","301","301","205","205","205","2528","2528","2528","205","205","205","6083","6083","6083"
"52","209","209","209","837","837","837","209","209","209","4677","4677","4677","209","209","209","6841","6841","6841","209","209","209","591","591","591","209","209","209","3910","3910","3910","209","209","209","6585","6585","6585","209","209","209","303","303","303","209","209","209","2523","2523","2523","209","209","209","6059","6059","6059"
"53","213","213","213","847","847","847","213","213","213","4718","4718","4718","213","213","213","6836","6836","6836","213","213","213","580","580","580","213","213","213","3893","3893","3893","213","213","213","6594","6594","6594","213","213","213","303","303","303","213","213","213","2490","2490","2490","213","213","213","6051","6051","6051"
"54","217","217","217","850","850","850","217","217","217","4766","4766","4766","217","217","217","6836","6836","6836","217","217","217","583","583","583","217","217","217","3871","3871","3871","217","217","217","6624","6624","6624","217","217","217","297","297","297","217","217","217","2503","2503","2503","217","217","217","6030","6030","6030"
"55","221","221","221","858","858","858","221","221","221","4675","4675","4675","221","221","221","6802","6802","6802","221","221","221","575","575","575","221","221","221","3893","3893","3893","221","221","221","6637","6637","6637","221","221","221","302","302","302","221","221","221","2483","2483","2483","221","221","221","5992","5992","5992"
"56","225","225","225","842","842","842","225","225","225","4696","4696","4696","225","225","225","6820","6820","6820","225","225","225","592","592","592","225","225","225","3849","3849","3849","225","225","225","6578","6578","6578","225","225","225","302","302","302","225","225","225","2504","2504","2504","225","225","225","6020","6020","6020"
"57","229","229","229","842","842","842","229","229","229","4687","4687","4687","229","229","229","6836","6836","6836","229","229","229","592","592","592","229","229","229","3932","3932","3932","229","229","229","6627","6627","6627","229","229","229","302","302","302","229","229","229","2537","2537","2537","229","229","229","6004","6004","6004"
"58","233","233","233","858","858","858","233","233","233","4703","4703","4703","233","233","233","6803","6803","6803","233","233","233","587","587","587","233","233","233","3931","3931","3931","233","233","233","6562","6562","6562","233","233","233","303","303","303","233","233","233","2524","2524","2524","233","233","233","5982","5982","5982"
"59","237","237","237","855","855","855","237","237","237","4673","4673","4673","237","237","237","6796","6796","6796","237","237","237","578","578","578","237","237","237","3929","3929","3929","237","237","237","6614","6614","6614","237","237","237","303","303","303","237","237","237","2498","2498","2498","237","237","237","6025","6025","6025"
"60","241","241","241","845","845","845","241","241","241","4727","4727","4727","241","241","241","6788","6788","6788","241","241","241","585","585","585","241","241","241","3883","3883","3883","241","241","241","6607","6607","6607","241","241","241","295","295","295","241","241","241","2505","2505","2505","241","241","241","6031","6031","6031"
"61","245","245","245","857","857","857","245","245","245","4734","4734","4734","245","245","245","6825","6825","6825","245","245","245","580","580","580","245","245","245","3918","3918","3918","245","245","245","6587","6587","6587","245","245","245","306","306","306","245","245","245","2510","2510","2510","245","245","245","6022","6022","6022"
"62","249","249","249","857","857","857","249","249","249","4715","4715","4715","249","249","249","6788","6788","6788","249","249","249","598","598","598","249","249","249","3893","3893","3893","249","249","249","6587","6587","6587","249","249","249","302","302","302","249","249","249","2527","2527","2527","249","249","249","6033","6033","6033"
"63","253","253","253","851","851","851","253","253","253","4705","4705","4705","253","253","253","6858","6858","6858","253","253","253","578","578","578","253","253","253","3898","3898","3898","253","253","253","6553","6553","6553","253","253","253","303","303","303","253","253","253","2484","2484","2484","253","253","253","6015","6015","6015"
"64","257","257","257","841","841","841","257","257","257","4676","4676","4676","257","257","257","6817","6817","6817","257","257","257","583","583","583","257","257","257","3869","3869","3869","257","257","257","6547","6547","6547","257","257","257","302","302","302","257","257","257","2499","2499","2499","257","257","257","5983","5983","5983"
"65","261","261","261","869","869","869","261","261","261","4677","4677","4677","261","261","261","6798","6798","6798","261","261","261","597","597","597","261","261","261","3855","3855","3855","261","261","261","6533","6533","6533","261","261","261","302","302","302","261","261","261","2497","2497","2497","261","261","261","5994","5994","5994"
"66","265","265","265","848","848","848","265","265","265","4653","4653","4653","265","265","265","6783","6783","6783","265","265","265","583","583","583","265","265","265","3876","3876","3876","265","265","265","6568","6568","6568","265","265","265","303","303","303","265","265","265","2498","2498","2498","265","265","265","5987","5987","5987"
"67","269","269","269","855","855","855","269","269","269","4709","4709","4709","269","269","269","6785","6785","6785","269","269","269","592","592","592","269","269","269","3885","3885","3885","269","269","269","6570","6570","6570","269","269","269","300","300","300","269","269","269","2559","2559","2559","269","269","269","5999","5999","5999"
"68","273","273","273","848","848","848","273","273","273","4669","4669","4669","273","273","273","6750","6750","6750","273","273","273","587","587","587","273","273","273","3863","3863","3863","273","273","273","6527","6527","6527","273","273","273","303","303","303","273","273","273","2498","2498","2498","273","273","273","5991","5991","5991"
"69","277","277","277","851","851","851","277","277","277","4692","4692","4692","277","277","277","6788","6788","6788","277","277","277","596","596","596","277","277","277","3865","3865","3865","277","277","277","6550","6550","6550","277","277","277","302","302","302","277","277","277","2534","2534","2534","277","277","277","5986","5986","5986"
"70","281","281","281","848","848","848","281","281","281","4660","4660","4660","281","281","281","6763","6763","6763","281","281","281","585","585","585","281","281","281","3896","3896","3896","281","281","281","6528","6528","6528","281","281","281","305","305","305","281","281","281","2454","2454","2454","281","281","281","5993","5993","5993"
"71","285","285","285","859","859","859","285","285","285","4679","4679","4679","285","285","285","6757","6757","6757","285","285","285","594","594","594","285","285","285","3903","3903","3903","285","285","285","6547","6547","6547","285","285","285","303","303","303","285","285","285","2533","2533","2533","285","285","285","5967","5967","5967"
"72","289","289","289","843","843","843","289","289","289","4664","4664","4664","289","289","289","6795","6795","6795","289","289","289","587","587","587","289","289","289","3878","3878","3878","289","289","289","6529","6529","6529","289","289","289","307","307","307","289","289","289","2489","2489","2489","289","289","289","5984","5984","5984"
"73","293","293","293","863","863","863","293","293","293","4692","4692","4692","293","293","293","6771","6771","6771","293","293","293","584","584","584","293","293","293","3898","3898","3898","293","293","293","6547","6547","6547","293","293","293","300","300","300","293","293","293","2525","2525","2525","293","293","293","5971","5971","5971"
"74","297","297","297","849","849","849","297","297","297","4686","4686","4686","297","297","297","6742","6742","6742","297","297","297","583","583","583","297","297","297","3890","3890","3890","297","297","297","6531","6531","6531","297","297","297","298","298","298","297","297","297","2508","2508","2508","297","297","297","5975","5975","5975"
"75","301","301","301","847","847","847","301","301","301","4637","4637","4637","301","301","301","6755","6755","6755","301","301","301","598","598","598","301","301","301","3883","3883","3883","301","301","301","6548","6548","6548","301","301","301","310","310","310","301","301","301","2501","2501","2501","301","301","301","5942","5942","5942"
"76","305","305","305","867","867","867","305","305","305","4652","4652","4652","305","305","305","6726","6726","6726","305","305","305","581","581","581","305","305","305","3876","3876","3876","305","305","305","6474","6474","6474","305","305","305","305","305","305","305","305","305","2502","2502","2502","305","305","305","6004","6004","6004"
"77","309","309","309","855","855","855","309","309","309","4705","4705","4705","309","309","309","6736","6736","6736","309","309","309","590","590","590","309","309","309","3884","3884","3884","309","309","309","6542","6542","6542","309","309","309","304","304","304","309","309","309","2482","2482","2482","309","309","309","5958","5958","5958"
"78","313","313","313","839","839","839","313","313","313","4623","4623","4623","313","313","313","6729","6729","6729","313","313","313","587","587","587","313","313","313","3832","3832","3832","313","313","313","6545","6545","6545","313","313","313","305","305","305","313","313","313","2511","2511","2511","313","313","313","5980","5980","5980"
"79","317","317","317","853","853","853","317","317","317","4610","4610","4610","317","317","317","6741","6741","6741","317","317","317","598","598","598","317","317","317","3865","3865","3865","317","317","317","6535","6535","6535","317","317","317","304","304","304","317","317","317","2514","2514","2514","317","317","317","5964","5964","5964"
"80","321","321","321","847","847","847","321","321","321","4658","4658","4658","321","321","321","6752","6752","6752","321","321","321","599","599","599","321","321","321","3897","3897","3897","321","321","321","6530","6530","6530","321","321","321","301","301","301","321","321","321","2484","2484","2484","321","321","321","5960","5960","5960"
"81","325","325","325","856","856","856","325","325","325","4705","4705","4705","325","325","325","6699","6699","6699","325","325","325","579","579","579","325","325","325","3868","3868","3868","325","325","325","6506","6506","6506","325","325","325","309","309","309","325","325","325","2493","2493","2493","325","325","325","5949","5949","5949"
"82","329","329","329","873","873","873","329","329","329","4634","4634","4634","329","329","329","6761","6761","6761","329","329","329","592","592","592","329","329","329","3874","3874","3874","329","329","329","6513","6513","6513","329","329","329","310","310","310","329","329","329","2519","2519","2519","329","329","329","5967","5967","5967"
"83","333","333","333","861","861","861","333","333","333","4651","4651","4651","333","333","333","6751","6751","6751","333","333","333","587","587","587","333","333","333","3838","3838","3838","333","333","333","6544","6544","6544","333","333","333","306","306","306","333","333","333","2495","2495","2495","333","333","333","5940","5940","5940"
"84","337","337","337","871","871","871","337","337","337","4673","4673","4673","337","337","337","6770","6770","6770","337","337","337","585","585","585","337","337","337","3935","3935","3935","337","337","337","6471","6471","6471","337","337","337","307","307","307","337","337","337","2503","2503","2503","337","337","337","5944","5944","5944"
"85","341","341","341","853","853","853","341","341","341","4593","4593","4593","341","341","341","6717","6717","6717","341","341","341","589","589","589","341","341","341","3881","3881","3881","341","341","341","6483","6483","6483","341","341","341","307","307","307","341","341","341","2507","2507","2507","341","341","341","5924","5924","5924"
"86","345","345","345","859","859","859","345","345","345","4661","4661","4661","345","345","345","6739","6739","6739","345","345","345","594","594","594","345","345","345","3830","3830","3830","345","345","345","6474","6474","6474","345","345","345","307","307","307","345","345","345","2503","2503","2503","345","345","345","5917","5917","5917"
"87","349","349","349","844","844","844","349","349","349","4634","4634","4634","349","349","349","6756","6756","6756","349","349","349","585","585","585","349","349","349","3875","3875","3875","349","349","349","6571","6571","6571","349","349","349","302","302","302","349","349","349","2503","2503","2503","349","349","349","5904","5904","5904"
"88","353","353","353","850","850","850","353","353","353","4656","4656","4656","353","353","353","6762","6762","6762","353","353","353","595","595","595","353","353","353","3872","3872","3872","353","353","353","6497","6497","6497","353","353","353","306","306","306","353","353","353","2475","2475","2475","353","353","353","5943","5943","5943"
"89","357","357","357","859","859","859","357","357","357","4702","4702","4702","357","357","357","6730","6730","6730","357","357","357","584","584","584","357","357","357","3857","3857","3857","357","357","357","6490","6490","6490","357","357","357","300","300","300","357","357","357","2509","2509","2509","357","357","357","5918","5918","5918"
"90","361","361","361","856","856","856","361","361","361","4608","4608","4608","361","361","361","6752","6752","6752","361","361","361","592","592","592","361","361","361","3860","3860","3860","361","361","361","6490","6490","6490","361","361","361","309","309","309","361","361","361","2485","2485","2485","361","361","361","5944","5944","5944"
"91","365","365","365","867","867","867","365","365","365","4639","4639","4639","365","365","365","6715","6715","6715","365","365","365","591","591","591","365","365","365","3912","3912","3912","365","365","365","6517","6517","6517","365","365","365","302","302","302","365","365","365","2516","2516","2516","365","365","365","5935","5935","5935"
"92","369","369","369","864","864","864","369","369","369","4614","4614","4614","369","369","369","6721","6721","6721","369","369","369","596","596","596","369","369","369","3852","3852","3852","369","369","369","6468","6468","6468","369","369","369","308","308","308","369","369","369","2507","2507","2507","369","369","369","5901","5901","5901"
"93","373","373","373","842","842","842","373","373","373","4646","4646","4646","373","373","373","6711","6711","6711","373","373","373","585","585","585","373","373","373","3854","3854","3854","373","373","373","6469","6469","6469","373","373","373","304","304","304","373","373","373","2493","2493","2493","373","373","373","5907","5907","5907"
"94","377","377","377","847","847","847","377","377","377","4596","4596","4596","377","377","377","6693","6693","6693","377","377","377","593","593","593","377","377","377","3852","3852","3852","377","377","377","6462","6462","6462","377","377","377","304","304","304","377","377","377","2487","2487","2487","377","377","377","5882","5882","5882"
"95","381","381","381","857","857","857","381","381","381","4574","4574","4574","381","381","381","6699","6699","6699","381","381","381","586","586","586","381","381","381","3866","3866","3866","381","381","381","6468","6468","6468","381","381","381","305","305","305","381","381","381","2540","2540","2540","381","381","381","5900","5900","5900"
"96","385","385","385","867","867","867","385","385","385","4669","4669","4669","385","385","385","6685","6685","6685","385","385","385","592","592","592","385","385","385","3886","3886","3886","385","385","385","6443","6443","6443","385","385","385","301","301","301","385","385","385","2489","2489","2489","385","385","385","5902","5902","5902"
"97","389","389","389","854","854","854","389","389","389","4631","4631","4631","389","389","389","6705","6705","6705","389","389","389","585","585","585","389","389","389","3877","3877","3877","389","389","389","6488","6488","6488","389","389","389","305","305","305","389","389","389","2494","2494","2494","389","389","389","5919","5919","5919"
"98","393","393","393","872","872","872","393","393","393","4623","4623","4623","393","393","393","6665","6665","6665","393","393","393","592","592","592","393","393","393","3810","3810","3810","393","393","393","6456","6456","6456","393","393","393","305","305","305","393","393","393","2500","2500","2500","393","393","393","5871","5871","5871"
"99","397","397","397","862","862","862","397","397","397","4659","4659","4659","397","397","397","6695","6695","6695","397","397","397","592","592","592","397","397","397","3834","3834","3834","397","397","397","6455","6455","6455","397","397","397","298","298","298","397","397","397","2500","2500","2500","397","397","397","5908","5908","5908"
"100","401","401","401","862","862","862","401","401","401","4626","4626","4626","401","401","401","6740","6740","6740","401","401","401","583","583","583","401","401","401","3871","3871","3871","401","401","401","6441","6441","6441","401","401","401","306","306","306","401","401","401","2480","2480","2480","401","401","401","5914","5914","5914"
"101","405","405","405","864","864","864","405","405","405","4626","4626","4626","405","405","405","6672","6672","6672","405","405","405","583","583","583","405","405","405","3889","3889","3889","405","405","405","6493","6493","6493","405","405","405","303","303","303","405","405","405","2477","2477","2477","405","405","405","5877","5877","5877"
"102","409","409","409","858","858","858","409","409","409","4594","4594","4594","409","409","409","6675","6675","6675","409","409","409","586","586","586","409","409","409","3814","3814","3814","409","409","409","6489","6489","6489","409","409","409","303","303","303","409","409","409","2487","2487","2487","409","409","409","5911","5911","5911"
"103","413","413","413","852","852","852","413","413","413","4652","4652","4652","413","413","413","6659","6659","6659","413","413","413","593","593","593","413","413","413","3875","3875","3875","413","413","413","6450","6450","6450","413","413","413","307","307","307","413","413","413","2493","2493","2493","413","413","413","5887","5887","5887"
"104","417","417","417","840","840","840","417","417","417","4623","4623","4623","417","417","417","6696","6696","6696","417","417","417","599","599","599","417","417","417","3869","3869","3869","417","417","417","6457","6457","6457","417","417","417","306","306","306","417","417","417","2507","2507","2507","417","417","417","5894","5894","5894"
"105","421","421","421","857","857","857","421","421","421","4644","4644","4644","421","421","421","6693","6693","6693","421","421","421","589","589","589","421","421","421","3849","3849","3849","421","421","421","6486","6486","6486","421","421","421","305","305","305","421","421","421","2501","2501","2501","421","421","421","5904","5904","5904"
"106","425","425","425","851","851","851","425","425","425","4618","4618","4618","425","425","425","6648","6648","6648","425","425","425","598","598","598","425","425","425","3875","3875","3875","425","425","425","6446","6446","6446","425","425","425","304","304","304","425","425","425","2494","2494","2494","425","425","425","5900","5900","5900"
"107","429","429","429","842","842","842","429","429","429","4670","4670","4670","429","429","429","6652","6652","6652","429","429","429","589","589","589","429","429","429","3818","3818","3818","429","429","429","6421","6421","6421","429","429","429","301","301","301","429","429","429","2520","2520","2520","429","429","429","5873","5873","5873"
"108","433","433","433","857","857","857","433","433","433","4614","4614","4614","433","433","433","6703","6703","6703","433","433","433","588","588","588","433","433","433","3805","3805","3805","433","433","433","6457","6457","6457","433","433","433","298","298","298","433","433","433","2485","2485","2485","433","433","433","5897","5897","5897"
"109","437","437","437","870","870","870","437","437","437","4596","4596","4596","437","437","437","6655","6655","6655","437","437","437","596","596","596","437","437","437","3867","3867","3867","437","437","437","6445","6445","6445","437","437","437","309","309","309","437","437","437","2475","2475","2475","437","437","437","5885","5885","5885"
"110","441","441","441","870","870","870","441","441","441","4648","4648","4648","441","441","441","6673","6673","6673","441","441","441","598","598","598","441","441","441","3824","3824","3824","441","441","441","6398","6398","6398","441","441","441","303","303","303","441","441","441","2488","2488","2488","441","441","441","5889","5889","5889"
"111","445","445","445","868","868","868","445","445","445","4605","4605","4605","445","445","445","6650","6650","6650","445","445","445","591","591","591","445","445","445","3893","3893","3893","445","445","445","6464","6464","6464","445","445","445","309","309","309","445","445","445","2503","2503","2503","445","445","445","5887","5887","5887"
"112","449","449","449","869","869","869","449","449","449","4609","4609","4609","449","449","449","6684","6684","6684","449","449","449","598","598","598","449","449","449","3838","3838","3838","449","449","449","6396","6396","6396","449","449","449","308","308","308","449","449","449","2470","2470","2470","449","449","449","5911","5911","5911"
"113","453","453","453","851","851","851","453","453","453","4642","4642","4642","453","453","453","6662","6662","6662","453","453","453","586","586","586","453","453","453","3833","3833","3833","453","453","453","6434","6434","6434","453","453","453","308","308","308","453","453","453","2507","2507","2507","453","453","453","5877","5877","5877"
"114","457","457","457","874","874","874","457","457","457","4574","4574","4574","457","457","457","6700","6700","6700","457","457","457","591","591","591","457","457","457","3844","3844","3844","457","457","457","6436","6436","6436","457","457","457","307","307","307","457","457","457","2498","2498","2498","457","457","457","5889","5889","5889"
"115","461","461","461","862","862","862","461","461","461","4619","4619","4619","461","461","461","6679","6679","6679","461","461","461","598","598","598","461","461","461","3829","3829","3829","461","461","461","6410","6410","6410","461","461","461","306","306","306","461","461","461","2499","2499","2499","461","461","461","5870","5870","5870"
"116","465","465","465","861","861","861","465","465","465","4621","4621","4621","465","465","465","6655","6655","6655","465","465","465","588","588","588","465","465","465","3876","3876","3876","465","465","465","6421","6421","6421","465","465","465","305","305","305","465","465","465","2492","2492","2492","465","465","465","5871","5871","5871"
"117","469","469","469","857","857","857","469","469","469","4609","4609","4609","469","469","469","6646","6646","6646","469","469","469","593","593","593","469","469","469","3819","3819","3819","469","469","469","6437","6437","6437","469","469","469","305","305","305","469","469","469","2483","2483","2483","469","469","469","5874","5874","5874"
"118","473","473","473","854","854","854","473","473","473","4671","4671","4671","473","473","473","6695","6695","6695","473","473","473","597","597","597","473","473","473","3817","3817","3817","473","473","473","6425","6425","6425","473","473","473","303","303","303","473","473","473","2504","2504","2504","473","473","473","5882","5882","5882"
"119","477","477","477","858","858","858","477","477","477","4601","4601","4601","477","477","477","6669","6669","6669","477","477","477","588","588","588","477","477","477","3872","3872","3872","477","477","477","6427","6427","6427","477","477","477","302","302","302","477","477","477","2501","2501","2501","477","477","477","5859","5859","5859"
"120","481","481","481","866","866","866","481","481","481","4600","4600","4600","481","481","481","6647","6647","6647","481","481","481","586","586","586","481","481","481","3853","3853","3853","481","481","481","6435","6435","6435","481","481","481","301","301","301","481","481","481","2503","2503","2503","481","481","481","5862","5862","5862"
"121","485","485","485","852","852","852","485","485","485","4596","4596","4596","485","485","485","6681","6681","6681","485","485","485","590","590","590","485","485","485","3902","3902","3902","485","485","485","6394","6394","6394","485","485","485","308","308","308","485","485","485","2486","2486","2486","485","485","485","5852","5852","5852"
"122","489","489","489","855","855","855","489","489","489","4641","4641","4641","489","489","489","6688","6688","6688","489","489","489","590","590","590","489","489","489","3836","3836","3836","489","489","489","6416","6416","6416","489","489","489","306","306","306","489","489","489","2501","2501","2501","489","489","489","5873","5873","5873"
"123","493","493","493","854","854","854","493","493","493","4585","4585","4585","493","493","493","6653","6653","6653","493","493","493","593","593","593","493","493","493","3833","3833","3833","493","493","493","6423","6423","6423","493","493","493","306","306","306","493","493","493","2526","2526","2526","493","493","493","5863","5863","5863"
"124","497","497","497","851","851","851","497","497","497","4572","4572","4572","497","497","497","6693","6693","6693","497","497","497","583","583","583","497","497","497","3845","3845","3845","497","497","497","6424","6424","6424","497","497","497","305","305","305","497","497","497","2524","2524","2524","497","497","497","5846","5846","5846"
"125","501","501","501","865","865","865","501","501","501","4639","4639","4639","501","501","501","6649","6649","6649","501","501","501","600","600","600","501","501","501","3824","3824","3824","501","501","501","6377","6377","6377","501","501","501","302","302","302","501","501","501","2448","2448","2448","501","501","501","5866","5866","5866"
"126","505","505","505","864","864","864","505","505","505","4590","4590","4590","505","505","505","6640","6640","6640","505","505","505","588","588","588","505","505","505","3835","3835","3835","505","505","505","6401","6401","6401","505","505","505","301","301","301","505","505","505","2481","2481","2481","505","505","505","5835","5835","5835"
"127","509","509","509","852","852","852","509","509","509","4648","4648","4648","509","509","509","6643","6643","6643","509","509","509","591","591","591","509","509","509","3855","3855","3855","509","509","509","6419","6419","6419","509","509","509","310","310","310","509","509","509","2508","2508","2508","509","509","509","5865","5865","5865"
"128","513","513","513","863","863","863","513","513","513","4589","4589","4589","513","513","513","6640","6640","6640","513","513","513","582","582","582","513","513","513","3815","3815","3815","513","513","513","6411","6411","6411","513","513","513","305","305","305","513","513","513","2468","2468","2468","513","513","513","5855","5855","5855"
"129","517","517","517","856","856","856","517","517","517","4618","4618","4618","517","517","517","6636","6636","6636","517","517","517","581","581","581","517","517","517","3836","3836","3836","517","517","517","6384","6384","6384","517","517","517","303","303","303","517","517","517","2506","2506","2506","517","517","517","5842","5842","5842"
"130","521","521","521","842","842","842","521","521","521","4611","4611","4611","521","521","521","6681","6681","6681","521","521","521","591","591","591","521","521","521","3858","3858","3858","521","521","521","6379","6379","6379","521","521","521","303","303","303","521","521","521","2479","2479","2479","521","521","521","5843","5843","5843"
"131","525","525","525","839","839","839","525","525","525","4590","4590","4590","525","525","525","6649","6649","6649","525","525","525","595","595","595","525","525","525","3842","3842","3842","525","525","525","6365","6365","6365","525","525","525","306","306","306","525","525","525","2482","2482","2482","525","525","525","5843","5843","5843"
"132","529","529","529","868","868","868","529","529","529","4601","4601","4601","529","529","529","6641","6641","6641","529","529","529","593","593","593","529","529","529","3828","3828","3828","529","529","529","6419","6419","6419","529","529","529","307","307","307","529","529","529","2513","2513","2513","529","529","529","5875","5875","5875"
"133","533","533","533","859","859","859","533","533","533","4599","4599","4599","533","533","533","6649","6649","6649","533","533","533","590","590","590","533","533","533","3861","3861","3861","533","533","533","6396","6396","6396","533","533","533","304","304","304","533","533","533","2495","2495","2495","533","533","533","5837","5837","5837"
"134","537","537","537","860","860","860","537","537","537","4595","4595","4595","537","537","537","6605","6605","6605","537","537","537","581","581","581","537","537","537","3833","3833","3833","537","537","537","6419","6419","6419","537","537","537","306","306","306","537","537","537","2491","2491","2491","537","537","537","5878","5878","5878"
"135","541","541","541","865","865","865","541","541","541","4627","4627","4627","541","541","541","6623","6623","6623","541","541","541","594","594","594","541","541","541","3843","3843","3843","541","541","541","6387","6387","6387","541","541","541","308","308","308","541","541","541","2497","2497","2497","541","541","541","5805","5805","5805"
"136","545","545","545","856","856","856","545","545","545","4604","4604","4604","545","545","545","6635","6635","6635","545","545","545","601","601","601","545","545","545","3816","3816","3816","545","545","545","6405","6405","6405","545","545","545","304","304","304","545","545","545","2518","2518","2518","545","545","545","5904","5904","5904"
"137","549","549","549","844","844","844","549","549","549","4580","4580","4580","549","549","549","6634","6634","6634","549","549","549","587","587","587","549","549","549","3834","3834","3834","549","549","549","6361","6361","6361","549","549","549","310","310","310","549","549","549","2520","2520","2520","549","549","549","5827","5827","5827"
"138","553","553","553","852","852","852","553","553","553","4544","4544","4544","553","553","553","6622","6622","6622","553","553","553","588","588","588","553","553","553","3852","3852","3852","553","553","553","6388","6388","6388","553","553","553","306","306","306","553","553","553","2493","2493","2493","553","553","553","5863","5863","5863"
"139","557","557","557","856","856","856","557","557","557","4578","4578","4578","557","557","557","6617","6617","6617","557","557","557","592","592","592","557","557","557","3895","3895","3895","557","557","557","6374","6374","6374","557","557","557","307","307","307","557","557","557","2509","2509","2509","557","557","557","5858","5858","5858"
"140","561","561","561","861","861","861","561","561","561","4564","4564","4564","561","561","561","6651","6651","6651","561","561","561","588","588","588","561","561","561","3887","3887","3887","561","561","561","6393","6393","6393","561","561","561","306","306","306","561","561","561","2517","2517","2517","561","561","561","5849","5849","5849"
"141","565","565","565","860","860","860","565","565","565","4591","4591","4591","565","565","565","6650","6650","6650","565","565","565","593","593","593","565","565","565","3819","3819","3819","565","565","565","6369","6369","6369","565","565","565","304","304","304","565","565","565","2495","2495","2495","565","565","565","5840","5840","5840"
"142","569","569","569","843","843","843","569","569","569","4643","4643","4643","569","569","569","6623","6623","6623","569","569","569","595","595","595","569","569","569","3772","3772","3772","569","569","569","6389","6389","6389","569","569","569","306","306","306","569","569","569","2476","2476","2476","569","569","569","5835","5835","5835"
"143","573","573","573","864","864","864","573","573","573","4612","4612","4612","573","573","573","6611","6611","6611","573","573","573","592","592","592","573","573","573","3830","3830","3830","573","573","573","6358","6358","6358","573","573","573","307","307","307","573","573","573","2508","2508","2508","573","573","573","5817","5817","5817"
"144","577","577","577","874","874","874","577","577","577","4553","4553","4553","577","577","577","6624","6624","6624","577","577","577","595","595","595","577","577","577","3835","3835","3835","577","577","577","6369","6369","6369","577","577","577","305","305","305","577","577","577","2487","2487","2487","577","577","577","5832","5832","5832"
"145","581","581","581","860","860","860","581","581","581","4627","4627","4627","581","581","581","6595","6595","6595","581","581","581","582","582","582","581","581","581","3874","3874","3874","581","581","581","6385","6385","6385","581","581","581","302","302","302","581","581","581","2471","2471","2471","581","581","581","5824","5824","5824"
"146","585","585","585","868","868","868","585","585","585","4516","4516","4516","585","585","585","6588","6588","6588","585","585","585","598","598","598","585","585","585","3801","3801","3801","585","585","585","6365","6365","6365","585","585","585","303","303","303","585","585","585","2524","2524","2524","585","585","585","5852","5852","5852"
"147","589","589","589","861","861","861","589","589","589","4592","4592","4592","589","589","589","6613","6613","6613","589","589","589","593","593","593","589","589","589","3887","3887","3887","589","589","589","6332","6332","6332","589","589","589","302","302","302","589","589","589","2477","2477","2477","589","589","589","5820","5820","5820"
"148","593","593","593","865","865","865","593","593","593","4604","4604","4604","593","593","593","6588","6588","6588","593","593","593","588","588","588","593","593","593","3837","3837","3837","593","593","593","6393","6393","6393","593","593","593","307","307","307","593","593","593","2514","2514","2514","593","593","593","5843","5843","5843"
"149","597","597","597","861","861","861","597","597","597","4609","4609","4609","597","597","597","6614","6614","6614","597","597","597","591","591","591","597","597","597","3790","3790","3790","597","597","597","6355","6355","6355","597","597","597","302","302","302","597","597","597","2467","2467","2467","597","597","597","5846","5846","5846"
"150","601","601","601","858","858","858","601","601","601","4577","4577","4577","601","601","601","6591","6591","6591","601","601","601","595","595","595","601","601","601","3883","3883","3883","601","601","601","6353","6353","6353","601","601","601","303","303","303","601","601","601","2507","2507","2507","601","601","601","5818","5818","5818"
"151","605","605","605","866","866","866","605","605","605","4584","4584","4584","605","605","605","6632","6632","6632","605","605","605","591","591","591","605","605","605","3870","3870","3870","605","605","605","6367","6367","6367","605","605","605","306","306","306","605","605","605","2492","2492","2492","605","605","605","5819","5819","5819"
"152","609","609","609","863","863","863","609","609","609","4572","4572","4572","609","609","609","6618","6618","6618","609","609","609","594","594","594","609","609","609","3807","3807","3807","609","609","609","6342","6342","6342","609","609","609","301","301","301","609","609","609","2465","2465","2465","609","609","609","5826","5826","5826"
"153","613","613","613","855","855","855","613","613","613","4561","4561","4561","613","613","613","6602","6602","6602","613","613","613","600","600","600","613","613","613","3877","3877","3877","613","613","613","6367","6367","6367","613","613","613","302","302","302","613","613","613","2497","2497","2497","613","613","613","5822","5822","5822"
"154","617","617","617","853","853","853","617","617","617","4611","4611","4611","617","617","617","6616","6616","6616","617","617","617","591","591","591","617","617","617","3838","3838","3838","617","617","617","6372","6372","6372","617","617","617","307","307","307","617","617","617","2448","2448","2448","617","617","617","5801","5801","5801"
"155","621","621","621","854","854","854","621","621","621","4542","4542","4542","621","621","621","6564","6564","6564","621","621","621","588","588","588","621","621","621","3786","3786","3786","621","621","621","6329","6329","6329","621","621","621","305","305","305","621","621","621","2525","2525","2525","621","621","621","5800","5800","5800"
"156","625","625","625","876","876","876","625","625","625","4555","4555","4555","625","625","625","6600","6600","6600","625","625","625","595","595","595","625","625","625","3829","3829","3829","625","625","625","6367","6367","6367","625","625","625","310","310","310","625","625","625","2527","2527","2527","625","625","625","5810","5810","5810"
"157","629","629","629","869","869","869","629","629","629","4586","4586","4586","629","629","629","6618","6618","6618","629","629","629","585","585","585","629","629","629","3798","3798","3798","629","629","629","6332","6332","6332","629","629","629","308","308","308","629","629","629","2501","2501","2501","629","629","629","5822","5822","5822"
"158","633","633","633","857","857","857","633","633","633","4548","4548","4548","633","633","633","6603","6603","6603","633","633","633","593","593","593","633","633","633","3777","3777","3777","633","633","633","6339","6339","6339","633","633","633","306","306","306","633","633","633","2505","2505","2505","633","633","633","5821","5821","5821"
"159","637","637","637","865","865","865","637","637","637","4579","4579","4579","637","637","637","6615","6615","6615","637","637","637","595","595","595","637","637","637","3845","3845","3845","637","637","637","6324","6324","6324","637","637","637","306","306","306","637","637","637","2465","2465","2465","637","637","637","5797","5797","5797"
"160","641","641","641","865","865","865","641","641","641","4590","4590","4590","641","641","641","6602","6602","6602","641","641","641","591","591","591","641","641","641","3853","3853","3853","641","641","641","6341","6341","6341","641","641","641","308","308","308","641","641","641","2512","2512","2512","641","641","641","5851","5851","5851"
"161","645","645","645","855","855","855","645","645","645","4576","4576","4576","645","645","645","6570","6570","6570","645","645","645","591","591","591","645","645","645","3841","3841","3841","645","645","645","6335","6335","6335","645","645","645","306","306","306","645","645","645","2470","2470","2470","645","645","645","5823","5823","5823"
"162","649","649","649","862","862","862","649","649","649","4567","4567","4567","649","649","649","6595","6595","6595","649","649","649","589","589","589","649","649","649","3799","3799","3799","649","649","649","6326","6326","6326","649","649","649","307","307","307","649","649","649","2489","2489","2489","649","649","649","5815","5815","5815"
"163","653","653","653","862","862","862","653","653","653","4552","4552","4552","653","653","653","6592","6592","6592","653","653","653","597","597","597","653","653","653","3823","3823","3823","653","653","653","6353","6353","6353","653","653","653","304","304","304","653","653","653","2496","2496","2496","653","653","653","5813","5813","5813"
"164","657","657","657","856","856","856","657","657","657","4579","4579","4579","657","657","657","6577","6577","6577","657","657","657","590","590","590","657","657","657","3818","3818","3818","657","657","657","6312","6312","6312","657","657","657","303","303","303","657","657","657","2487","2487","2487","657","657","657","5810","5810","5810"
"165","661","661","661","851","851","851","661","661","661","4595","4595","4595","661","661","661","6606","6606","6606","661","661","661","588","588","588","661","661","661","3839","3839","3839","661","661","661","6332","6332","6332","661","661","661","305","305","305","661","661","661","2473","2473","2473","661","661","661","5814","5814","5814"
"166","665","665","665","854","854","854","665","665","665","4563","4563","4563","665","665","665","6585","6585","6585","665","665","665","581","581","581","665","665","665","3865","3865","3865","665","665","665","6315","6315","6315","665","665","665","301","301","301","665","665","665","2480","2480","2480","665","665","665","5821","5821","5821"
"167","669","669","669","866","866","866","669","669","669","4588","4588","4588","669","669","669","6561","6561","6561","669","669","669","599","599","599","669","669","669","3808","3808","3808","669","669","669","6327","6327","6327","669","669","669","306","306","306","669","669","669","2498","2498","2498","669","669","669","5810","5810","5810"
"168","673","673","673","857","857","857","673","673","673","4541","4541","4541","673","673","673","6580","6580","6580","673","673","673","590","590","590","673","673","673","3820","3820","3820","673","673","673","6330","6330","6330","673","673","673","307","307","307","673","673","673","2505","2505","2505","673","673","673","5835","5835","5835"
"169","677","677","677","865","865","865","677","677","677","4639","4639","4639","677","677","677","6594","6594","6594","677","677","677","577","577","577","677","677","677","3828","3828","3828","677","677","677","6329","6329","6329","677","677","677","307","307","307","677","677","677","2504","2504","2504","677","677","677","5801","5801","5801"
"170","681","681","681","858","858","858","681","681","681","4575","4575","4575","681","681","681","6600","6600","6600","681","681","681","593","593","593","681","681","681","3813","3813","3813","681","681","681","6294","6294","6294","681","681","681","305","305","305","681","681","681","2463","2463","2463","681","681","681","5803","5803","5803"
"171","685","685","685","855","855","855","685","685","685","4533","4533","4533","685","685","685","6604","6604","6604","685","685","685","591","591","591","685","685","685","3831","3831","3831","685","685","685","6328","6328","6328","685","685","685","300","300","300","685","685","685","2503","2503","2503","685","685","685","5788","5788","5788"
"172","689","689","689","841","841","841","689","689","689","4571","4571","4571","689","689","689","6562","6562","6562","689","689","689","590","590","590","689","689","689","3843","3843","3843","689","689","689","6342","6342","6342","689","689","689","304","304","304","689","689","689","2496","2496","2496","689","689","689","5830","5830","5830"
"173","693","693","693","848","848","848","693","693","693","4598","4598","4598","693","693","693","6582","6582","6582","693","693","693","601","601","601","693","693","693","3821","3821","3821","693","693","693","6305","6305","6305","693","693","693","304","304","304","693","693","693","2474","2474","2474","693","693","693","5828","5828","5828"
"174","697","697","697","840","840","840","697","697","697","4526","4526","4526","697","697","697","6598","6598","6598","697","697","697","602","602","602","697","697","697","3823","3823","3823","697","697","697","6339","6339","6339","697","697","697","307","307","307","697","697","697","2469","2469","2469","697","697","697","5783","5783","5783"
"175","701","701","701","847","847","847","701","701","701","4619","4619","4619","701","701","701","6606","6606","6606","701","701","701","590","590","590","701","701","701","3829","3829","3829","701","701","701","6315","6315","6315","701","701","701","307","307","307","701","701","701","2507","2507","2507","701","701","701","5774","5774","5774"
"176","705","705","705","871","871","871","705","705","705","4548","4548","4548","705","705","705","6551","6551","6551","705","705","705","594","594","594","705","705","705","3798","3798","3798","705","705","705","6299","6299","6299","705","705","705","306","306","306","705","705","705","2465","2465","2465","705","705","705","5804","5804","5804"
"177","709","709","709","847","847","847","709","709","709","4591","4591","4591","709","709","709","6582","6582","6582","709","709","709","589","589","589","709","709","709","3836","3836","3836","709","709","709","6287","6287","6287","709","709","709","308","308","308","709","709","709","2486","2486","2486","709","709","709","5783","5783","5783"
"178","713","713","713","865","865","865","713","713","713","4545","4545","4545","713","713","713","6606","6606","6606","713","713","713","593","593","593","713","713","713","3816","3816","3816","713","713","713","6284","6284","6284","713","713","713","301","301","301","713","713","713","2488","2488","2488","713","713","713","5810","5810","5810"
"179","717","717","717","865","865","865","717","717","717","4564","4564","4564","717","717","717","6552","6552","6552","717","717","717","594","594","594","717","717","717","3821","3821","3821","717","717","717","6337","6337","6337","717","717","717","308","308","308","717","717","717","2466","2466","2466","717","717","717","5765","5765","5765"
"180","721","721","721","866","866","866","721","721","721","4584","4584","4584","721","721","721","6565","6565","6565","721","721","721","596","596","596","721","721","721","3818","3818","3818","721","721","721","6335","6335","6335","721","721","721","303","303","303","721","721","721","2512","2512","2512","721","721","721","5819","5819","5819"
"181","725","725","725","849","849","849","725","725","725","4607","4607","4607","725","725","725","6605","6605","6605","725","725","725","590","590","590","725","725","725","3805","3805","3805","725","725","725","6335","6335","6335","725","725","725","299","299","299","725","725","725","2516","2516","2516","725","725","725","5810","5810","5810"
"182","729","729","729","851","851","851","729","729","729","4509","4509","4509","729","729","729","6524","6524","6524","729","729","729","588","588","588","729","729","729","3849","3849","3849","729","729","729","6327","6327","6327","729","729","729","308","308","308","729","729","729","2478","2478","2478","729","729","729","5770","5770","5770"
"183","733","733","733","853","853","853","733","733","733","4543","4543","4543","733","733","733","6524","6524","6524","733","733","733","592","592","592","733","733","733","3833","3833","3833","733","733","733","6323","6323","6323","733","733","733","306","306","306","733","733","733","2493","2493","2493","733","733","733","5777","5777","5777"
"184","737","737","737","866","866","866","737","737","737","4548","4548","4548","737","737","737","6571","6571","6571","737","737","737","592","592","592","737","737","737","3824","3824","3824","737","737","737","6349","6349","6349","737","737","737","307","307","307","737","737","737","2512","2512","2512","737","737","737","5794","5794","5794"
"185","741","741","741","863","863","863","741","741","741","4588","4588","4588","741","741","741","6559","6559","6559","741","741","741","591","591","591","741","741","741","3819","3819","3819","741","741","741","6318","6318","6318","741","741","741","308","308","308","741","741","741","2471","2471","2471","741","741","741","5785","5785","5785"
"186","745","745","745","855","855","855","745","745","745","4517","4517","4517","745","745","745","6552","6552","6552","745","745","745","594","594","594","745","745","745","3801","3801","3801","745","745","745","6284","6284","6284","745","745","745","307","307","307","745","745","745","2473","2473","2473","745","745","745","5786","5786","5786"
"187","749","749","749","864","864","864","749","749","749","4554","4554","4554","749","749","749","6555","6555","6555","749","749","749","590","590","590","749","749","749","3796","3796","3796","749","749","749","6333","6333","6333","749","749","749","303","303","303","749","749","749","2501","2501","2501","749","749","749","5793","5793","5793"
"188","753","753","753","872","872","872","753","753","753","4579","4579","4579","753","753","753","6560","6560","6560","753","753","753","591","591","591","753","753","753","3859","3859","3859","753","753","753","6285","6285","6285","753","753","753","305","305","305","753","753","753","2489","2489","2489","753","753","753","5804","5804","5804"
"189","757","757","757","847","847","847","757","757","757","4546","4546","4546","757","757","757","6534","6534","6534","757","757","757","598","598","598","757","757","757","3797","3797","3797","757","757","757","6294","6294","6294","757","757","757","300","300","300","757","757","757","2477","2477","2477","757","757","757","5778","5778","5778"
"190","761","761","761","857","857","857","761","761","761","4554","4554","4554","761","761","761","6531","6531","6531","761","761","761","599","599","599","761","761","761","3847","3847","3847","761","761","761","6295","6295","6295","761","761","761","308","308","308","761","761","761","2497","2497","2497","761","761","761","5793","5793","5793"
"191","765","765","765","859","859","859","765","765","765","4573","4573","4573","765","765","765","6524","6524","6524","765","765","765","596","596","596","765","765","765","3766","3766","3766","765","765","765","6282","6282","6282","765","765","765","304","304","304","765","765","765","2494","2494","2494","765","765","765","5757","5757","5757"
"192","769","769","769","871","871","871","769","769","769","4539","4539","4539","769","769","769","6542","6542","6542","769","769","769","597","597","597","769","769","769","3812","3812","3812","769","769","769","6309","6309","6309","769","769","769","308","308","308","769","769","769","2476","2476","2476","769","769","769","5791","5791","5791"
"193","773","773","773","859","859","859","773","773","773","4619","4619","4619","773","773","773","6574","6574","6574","773","773","773","590","590","590","773","773","773","3864","3864","3864","773","773","773","6326","6326","6326","773","773","773","302","302","302","773","773","773","2466","2466","2466","773","773","773","5785","5785","5785"
"194","777","777","777","864","864","864","777","777","777","4538","4538","4538","777","777","777","6540","6540","6540","777","777","777","594","594","594","777","777","777","3826","3826","3826","777","777","777","6282","6282","6282","777","777","777","307","307","307","777","777","777","2483","2483","2483","777","777","777","5770","5770","5770"
"195","781","781","781","854","854","854","781","781","781","4580","4580","4580","781","781","781","6566","6566","6566","781","781","781","589","589","589","781","781","781","3830","3830","3830","781","781","781","6313","6313","6313","781","781","781","297","297","297","781","781","781","2502","2502","2502","781","781","781","5773","5773","5773"
"196","785","785","785","865","865","865","785","785","785","4574","4574","4574","785","785","785","6583","6583","6583","785","785","785","582","582","582","785","785","785","3813","3813","3813","785","785","785","6286","6286","6286","785","785","785","311","311","311","785","785","785","2499","2499","2499","785","785","785","5798","5798","5798"
"197","789","789","789","863","863","863","789","789","789","4539","4539","4539","789","789","789","6552","6552","6552","789","789","789","589","589","589","789","789","789","3800","3800","3800","789","789","789","6289","6289","6289","789","789","789","302","302","302","789","789","789","2473","2473","2473","789","789","789","5751","5751","5751"
"198","793","793","793","873","873","873","793","793","793","4533","4533","4533","793","793","793","6538","6538","6538","793","793","793","592","592","592","793","793","793","3774","3774","3774","793","793","793","6315","6315","6315","793","793","793","305","305","305","793","793","793","2489","2489","2489","793","793","793","5784","5784","5784"
"199","797","797","797","866","866","866","797","797","797","4579","4579","4579","797","797","797","6558","6558","6558","797","797","797","592","592","592","797","797","797","3852","3852","3852","797","797","797","6313","6313","6313","797","797","797","302","302","302","797","797","797","2483","2483","2483","797","797","797","5812","5812","5812"