"round","niid,12,q_0.01 - _step","niid,12,q_0.01 - _step__MIN","niid,12,q_0.01 - _step__MAX","niid,12,q_0.01 - length_unique","niid,12,q_0.01 - length_unique__MIN","niid,12,q_0.01 - length_unique__MAX","niid,12,q_0.1 - _step","niid,12,q_0.1 - _step__MIN","niid,12,q_0.1 - _step__MAX","niid,12,q_0.1 - length_unique","niid,12,q_0.1 - length_unique__MIN","niid,12,q_0.1 - length_unique__MAX","niid,12,q_0.5 - _step","niid,12,q_0.5 - _step__MIN","niid,12,q_0.5 - _step__MAX","niid,12,q_0.5 - length_unique","niid,12,q_0.5 - length_unique__MIN","niid,12,q_0.5 - length_unique__MAX","niid,8,q_0.01 - _step","niid,8,q_0.01 - _step__MIN","niid,8,q_0.01 - _step__MAX","niid,8,q_0.01 - length_unique","niid,8,q_0.01 - length_unique__MIN","niid,8,q_0.01 - length_unique__MAX","niid,8,q_0.1 - _step","niid,8,q_0.1 - _step__MIN","niid,8,q_0.1 - _step__MAX","niid,8,q_0.1 - length_unique","niid,8,q_0.1 - length_unique__MIN","niid,8,q_0.1 - length_unique__MAX","niid,8,q_0.5 - _step","niid,8,q_0.5 - _step__MIN","niid,8,q_0.5 - _step__MAX","niid,8,q_0.5 - length_unique","niid,8,q_0.5 - length_unique__MIN","niid,8,q_0.5 - length_unique__MAX","niid,4,q_0.01 - _step","niid,4,q_0.01 - _step__MIN","niid,4,q_0.01 - _step__MAX","niid,4,q_0.01 - length_unique","niid,4,q_0.01 - length_unique__MIN","niid,4,q_0.01 - length_unique__MAX","niid,4,q_0.1 - _step","niid,4,q_0.1 - _step__MIN","niid,4,q_0.1 - _step__MAX","niid,4,q_0.1 - length_unique","niid,4,q_0.1 - length_unique__MIN","niid,4,q_0.1 - length_unique__MAX","niid,4,q_0.5 - _step","niid,4,q_0.5 - _step__MIN","niid,4,q_0.5 - _step__MAX","niid,4,q_0.5 - length_unique","niid,4,q_0.5 - length_unique__MIN","niid,4,q_0.5 - length_unique__MAX"
"0","1","1","1","0","0","0","1","1","1","0","0","0","1","1","1","0","0","0","1","1","1","0","0","0","1","1","1","0","0","0","1","1","1","0","0","0","1","1","1","0","0","0","1","1","1","0","0","0","1","1","1","0","0","0"
"1","5","5","5","232","232","232","5","5","5","2052","2052","2052","5","5","5","6281","6281","6281","5","5","5","214","214","214","5","5","5","1885","1885","1885","5","5","5","6124","6124","6124","5","5","5","174","174","174","5","5","5","1665","1665","1665","5","5","5","5748","5748","5748"
"2","9","9","9","404","404","404","9","9","9","2789","2789","2789","9","9","9","6494","6494","6494","9","9","9","306","306","306","9","9","9","2431","2431","2431","9","9","9","6292","6292","6292","9","9","9","216","216","216","9","9","9","1910","1910","1910","9","9","9","5739","5739","5739"
"3","13","13","13","488","488","488","13","13","13","2994","2994","2994","13","13","13","6556","6556","6556","13","13","13","367","367","367","13","13","13","2537","2537","2537","13","13","13","6293","6293","6293","13","13","13","239","239","239","13","13","13","1942","1942","1942","13","13","13","5769","5769","5769"
"4","17","17","17","504","504","504","17","17","17","3504","3504","3504","17","17","17","6556","6556","6556","17","17","17","390","390","390","17","17","17","2898","2898","2898","17","17","17","6336","6336","6336","17","17","17","235","235","235","17","17","17","2073","2073","2073","17","17","17","5780","5780","5780"
"5","21","21","21","526","526","526","21","21","21","3722","3722","3722","21","21","21","6618","6618","6618","21","21","21","392","392","392","21","21","21","3097","3097","3097","21","21","21","6431","6431","6431","21","21","21","244","244","244","21","21","21","2171","2171","2171","21","21","21","5797","5797","5797"
"6","25","25","25","562","562","562","25","25","25","3513","3513","3513","25","25","25","6664","6664","6664","25","25","25","413","413","413","25","25","25","3013","3013","3013","25","25","25","6406","6406","6406","25","25","25","249","249","249","25","25","25","2161","2161","2161","25","25","25","5785","5785","5785"
"7","29","29","29","581","581","581","29","29","29","3964","3964","3964","29","29","29","6613","6613","6613","29","29","29","429","429","429","29","29","29","3242","3242","3242","29","29","29","6420","6420","6420","29","29","29","244","244","244","29","29","29","2194","2194","2194","29","29","29","5771","5771","5771"
"8","33","33","33","598","598","598","33","33","33","3994","3994","3994","33","33","33","6617","6617","6617","33","33","33","460","460","460","33","33","33","3329","3329","3329","33","33","33","6390","6390","6390","33","33","33","256","256","256","33","33","33","2294","2294","2294","33","33","33","5742","5742","5742"
"9","37","37","37","599","599","599","37","37","37","3879","3879","3879","37","37","37","6650","6650","6650","37","37","37","436","436","436","37","37","37","3228","3228","3228","37","37","37","6403","6403","6403","37","37","37","253","253","253","37","37","37","2217","2217","2217","37","37","37","5721","5721","5721"
"10","41","41","41","644","644","644","41","41","41","4043","4043","4043","41","41","41","6670","6670","6670","41","41","41","450","450","450","41","41","41","3353","3353","3353","41","41","41","6397","6397","6397","41","41","41","267","267","267","41","41","41","2278","2278","2278","41","41","41","5743","5743","5743"
"11","45","45","45","633","633","633","45","45","45","4103","4103","4103","45","45","45","6661","6661","6661","45","45","45","467","467","467","45","45","45","3433","3433","3433","45","45","45","6382","6382","6382","45","45","45","274","274","274","45","45","45","2303","2303","2303","45","45","45","5688","5688","5688"
"12","49","49","49","633","633","633","49","49","49","3977","3977","3977","49","49","49","6671","6671","6671","49","49","49","446","446","446","49","49","49","3323","3323","3323","49","49","49","6353","6353","6353","49","49","49","256","256","256","49","49","49","2260","2260","2260","49","49","49","5694","5694","5694"
"13","53","53","53","649","649","649","53","53","53","4146","4146","4146","53","53","53","6633","6633","6633","53","53","53","469","469","469","53","53","53","3469","3469","3469","53","53","53","6324","6324","6324","53","53","53","270","270","270","53","53","53","2292","2292","2292","53","53","53","5662","5662","5662"
"14","57","57","57","660","660","660","57","57","57","4079","4079","4079","57","57","57","6583","6583","6583","57","57","57","486","486","486","57","57","57","3408","3408","3408","57","57","57","6278","6278","6278","57","57","57","275","275","275","57","57","57","2325","2325","2325","57","57","57","5677","5677","5677"
"15","61","61","61","653","653","653","61","61","61","4036","4036","4036","61","61","61","6544","6544","6544","61","61","61","488","488","488","61","61","61","3370","3370","3370","61","61","61","6267","6267","6267","61","61","61","272","272","272","61","61","61","2275","2275","2275","61","61","61","5669","5669","5669"
"16","65","65","65","670","670","670","65","65","65","4115","4115","4115","65","65","65","6569","6569","6569","65","65","65","490","490","490","65","65","65","3416","3416","3416","65","65","65","6251","6251","6251","65","65","65","275","275","275","65","65","65","2269","2269","2269","65","65","65","5679","5679","5679"
"17","69","69","69","701","701","701","69","69","69","4104","4104","4104","69","69","69","6528","6528","6528","69","69","69","503","503","503","69","69","69","3405","3405","3405","69","69","69","6275","6275","6275","69","69","69","266","266","266","69","69","69","2310","2310","2310","69","69","69","5689","5689","5689"
"18","73","73","73","668","668","668","73","73","73","4034","4034","4034","73","73","73","6558","6558","6558","73","73","73","500","500","500","73","73","73","3332","3332","3332","73","73","73","6299","6299","6299","73","73","73","276","276","276","73","73","73","2295","2295","2295","73","73","73","5683","5683","5683"
"19","77","77","77","695","695","695","77","77","77","4098","4098","4098","77","77","77","6526","6526","6526","77","77","77","499","499","499","77","77","77","3450","3450","3450","77","77","77","6292","6292","6292","77","77","77","275","275","275","77","77","77","2267","2267","2267","77","77","77","5661","5661","5661"
"20","81","81","81","683","683","683","81","81","81","4095","4095","4095","81","81","81","6507","6507","6507","81","81","81","487","487","487","81","81","81","3356","3356","3356","81","81","81","6275","6275","6275","81","81","81","273","273","273","81","81","81","2316","2316","2316","81","81","81","5706","5706","5706"
"21","85","85","85","718","718","718","85","85","85","4024","4024","4024","85","85","85","6529","6529","6529","85","85","85","505","505","505","85","85","85","3453","3453","3453","85","85","85","6329","6329","6329","85","85","85","285","285","285","85","85","85","2288","2288","2288","85","85","85","5700","5700","5700"
"22","89","89","89","733","733","733","89","89","89","4110","4110","4110","89","89","89","6530","6530","6530","89","89","89","516","516","516","89","89","89","3397","3397","3397","89","89","89","6318","6318","6318","89","89","89","276","276","276","89","89","89","2293","2293","2293","89","89","89","5687","5687","5687"
"23","93","93","93","724","724","724","93","93","93","4126","4126","4126","93","93","93","6515","6515","6515","93","93","93","505","505","505","93","93","93","3414","3414","3414","93","93","93","6270","6270","6270","93","93","93","282","282","282","93","93","93","2305","2305","2305","93","93","93","5710","5710","5710"
"24","97","97","97","722","722","722","97","97","97","4007","4007","4007","97","97","97","6557","6557","6557","97","97","97","521","521","521","97","97","97","3355","3355","3355","97","97","97","6287","6287","6287","97","97","97","285","285","285","97","97","97","2307","2307","2307","97","97","97","5713","5713","5713"
"25","101","101","101","740","740","740","101","101","101","4101","4101","4101","101","101","101","6552","6552","6552","101","101","101","516","516","516","101","101","101","3450","3450","3450","101","101","101","6317","6317","6317","101","101","101","288","288","288","101","101","101","2270","2270","2270","101","101","101","5695","5695","5695"
"26","105","105","105","744","744","744","105","105","105","4119","4119","4119","105","105","105","6549","6549","6549","105","105","105","525","525","525","105","105","105","3427","3427","3427","105","105","105","6334","6334","6334","105","105","105","286","286","286","105","105","105","2346","2346","2346","105","105","105","5704","5704","5704"
"27","109","109","109","753","753","753","109","109","109","4104","4104","4104","109","109","109","6549","6549","6549","109","109","109","539","539","539","109","109","109","3410","3410","3410","109","109","109","6303","6303","6303","109","109","109","282","282","282","109","109","109","2291","2291","2291","109","109","109","5715","5715","5715"
"28","113","113","113","758","758","758","113","113","113","4096","4096","4096","113","113","113","6542","6542","6542","113","113","113","531","531","531","113","113","113","3432","3432","3432","113","113","113","6331","6331","6331","113","113","113","285","285","285","113","113","113","2261","2261","2261","113","113","113","5705","5705","5705"
"29","117","117","117","751","751","751","117","117","117","4129","4129","4129","117","117","117","6554","6554","6554","117","117","117","525","525","525","117","117","117","3410","3410","3410","117","117","117","6318","6318","6318","117","117","117","280","280","280","117","117","117","2323","2323","2323","117","117","117","5752","5752","5752"
"30","121","121","121","771","771","771","121","121","121","4096","4096","4096","121","121","121","6571","6571","6571","121","121","121","542","542","542","121","121","121","3452","3452","3452","121","121","121","6325","6325","6325","121","121","121","286","286","286","121","121","121","2297","2297","2297","121","121","121","5705","5705","5705"
"31","125","125","125","770","770","770","125","125","125","4143","4143","4143","125","125","125","6510","6510","6510","125","125","125","527","527","527","125","125","125","3444","3444","3444","125","125","125","6311","6311","6311","125","125","125","287","287","287","125","125","125","2273","2273","2273","125","125","125","5745","5745","5745"
"32","129","129","129","759","759","759","129","129","129","4126","4126","4126","129","129","129","6557","6557","6557","129","129","129","538","538","538","129","129","129","3444","3444","3444","129","129","129","6327","6327","6327","129","129","129","292","292","292","129","129","129","2314","2314","2314","129","129","129","5731","5731","5731"
"33","133","133","133","769","769","769","133","133","133","4139","4139","4139","133","133","133","6594","6594","6594","133","133","133","552","552","552","133","133","133","3417","3417","3417","133","133","133","6337","6337","6337","133","133","133","287","287","287","133","133","133","2315","2315","2315","133","133","133","5726","5726","5726"
"34","137","137","137","750","750","750","137","137","137","4063","4063","4063","137","137","137","6549","6549","6549","137","137","137","531","531","531","137","137","137","3417","3417","3417","137","137","137","6324","6324","6324","137","137","137","292","292","292","137","137","137","2325","2325","2325","137","137","137","5719","5719","5719"
"35","141","141","141","786","786","786","141","141","141","4169","4169","4169","141","141","141","6600","6600","6600","141","141","141","547","547","547","141","141","141","3478","3478","3478","141","141","141","6335","6335","6335","141","141","141","289","289","289","141","141","141","2297","2297","2297","141","141","141","5733","5733","5733"
"36","145","145","145","754","754","754","145","145","145","4118","4118","4118","145","145","145","6580","6580","6580","145","145","145","542","542","542","145","145","145","3431","3431","3431","145","145","145","6333","6333","6333","145","145","145","294","294","294","145","145","145","2293","2293","2293","145","145","145","5724","5724","5724"
"37","149","149","149","781","781","781","149","149","149","4148","4148","4148","149","149","149","6514","6514","6514","149","149","149","539","539","539","149","149","149","3450","3450","3450","149","149","149","6313","6313","6313","149","149","149","290","290","290","149","149","149","2317","2317","2317","149","149","149","5741","5741","5741"
"38","153","153","153","785","785","785","153","153","153","4156","4156","4156","153","153","153","6568","6568","6568","153","153","153","536","536","536","153","153","153","3457","3457","3457","153","153","153","6347","6347","6347","153","153","153","282","282","282","153","153","153","2342","2342","2342","153","153","153","5705","5705","5705"
"39","157","157","157","792","792","792","157","157","157","4175","4175","4175","157","157","157","6554","6554","6554","157","157","157","554","554","554","157","157","157","3457","3457","3457","157","157","157","6315","6315","6315","157","157","157","294","294","294","157","157","157","2308","2308","2308","157","157","157","5740","5740","5740"
"40","161","161","161","789","789","789","161","161","161","4137","4137","4137","161","161","161","6523","6523","6523","161","161","161","537","537","537","161","161","161","3446","3446","3446","161","161","161","6292","6292","6292","161","161","161","292","292","292","161","161","161","2311","2311","2311","161","161","161","5722","5722","5722"
"41","165","165","165","784","784","784","165","165","165","4161","4161","4161","165","165","165","6555","6555","6555","165","165","165","566","566","566","165","165","165","3447","3447","3447","165","165","165","6330","6330","6330","165","165","165","296","296","296","165","165","165","2315","2315","2315","165","165","165","5728","5728","5728"
"42","169","169","169","765","765","765","169","169","169","4160","4160","4160","169","169","169","6578","6578","6578","169","169","169","536","536","536","169","169","169","3442","3442","3442","169","169","169","6316","6316","6316","169","169","169","299","299","299","169","169","169","2347","2347","2347","169","169","169","5753","5753","5753"
"43","173","173","173","771","771","771","173","173","173","4202","4202","4202","173","173","173","6544","6544","6544","173","173","173","545","545","545","173","173","173","3476","3476","3476","173","173","173","6331","6331","6331","173","173","173","295","295","295","173","173","173","2317","2317","2317","173","173","173","5717","5717","5717"
"44","177","177","177","818","818","818","177","177","177","4150","4150","4150","177","177","177","6553","6553","6553","177","177","177","555","555","555","177","177","177","3487","3487","3487","177","177","177","6337","6337","6337","177","177","177","294","294","294","177","177","177","2338","2338","2338","177","177","177","5754","5754","5754"
"45","181","181","181","768","768","768","181","181","181","4176","4176","4176","181","181","181","6556","6556","6556","181","181","181","548","548","548","181","181","181","3466","3466","3466","181","181","181","6296","6296","6296","181","181","181","293","293","293","181","181","181","2329","2329","2329","181","181","181","5738","5738","5738"
"46","185","185","185","797","797","797","185","185","185","4140","4140","4140","185","185","185","6560","6560","6560","185","185","185","549","549","549","185","185","185","3503","3503","3503","185","185","185","6337","6337","6337","185","185","185","298","298","298","185","185","185","2326","2326","2326","185","185","185","5719","5719","5719"
"47","189","189","189","782","782","782","189","189","189","4168","4168","4168","189","189","189","6533","6533","6533","189","189","189","548","548","548","189","189","189","3442","3442","3442","189","189","189","6345","6345","6345","189","189","189","297","297","297","189","189","189","2322","2322","2322","189","189","189","5794","5794","5794"
"48","193","193","193","800","800","800","193","193","193","4136","4136","4136","193","193","193","6531","6531","6531","193","193","193","558","558","558","193","193","193","3496","3496","3496","193","193","193","6345","6345","6345","193","193","193","290","290","290","193","193","193","2359","2359","2359","193","193","193","5762","5762","5762"
"49","197","197","197","804","804","804","197","197","197","4183","4183","4183","197","197","197","6547","6547","6547","197","197","197","568","568","568","197","197","197","3467","3467","3467","197","197","197","6323","6323","6323","197","197","197","294","294","294","197","197","197","2316","2316","2316","197","197","197","5758","5758","5758"
"50","201","201","201","798","798","798","201","201","201","4185","4185","4185","201","201","201","6583","6583","6583","201","201","201","553","553","553","201","201","201","3451","3451","3451","201","201","201","6340","6340","6340","201","201","201","292","292","292","201","201","201","2337","2337","2337","201","201","201","5761","5761","5761"
"51","205","205","205","794","794","794","205","205","205","4242","4242","4242","205","205","205","6549","6549","6549","205","205","205","556","556","556","205","205","205","3519","3519","3519","205","205","205","6351","6351","6351","205","205","205","293","293","293","205","205","205","2332","2332","2332","205","205","205","5753","5753","5753"
"52","209","209","209","787","787","787","209","209","209","4197","4197","4197","209","209","209","6588","6588","6588","209","209","209","565","565","565","209","209","209","3489","3489","3489","209","209","209","6334","6334","6334","209","209","209","290","290","290","209","209","209","2321","2321","2321","209","209","209","5738","5738","5738"
"53","213","213","213","804","804","804","213","213","213","4196","4196","4196","213","213","213","6578","6578","6578","213","213","213","562","562","562","213","213","213","3436","3436","3436","213","213","213","6375","6375","6375","213","213","213","297","297","297","213","213","213","2323","2323","2323","213","213","213","5758","5758","5758"
"54","217","217","217","799","799","799","217","217","217","4184","4184","4184","217","217","217","6574","6574","6574","217","217","217","565","565","565","217","217","217","3474","3474","3474","217","217","217","6367","6367","6367","217","217","217","295","295","295","217","217","217","2363","2363","2363","217","217","217","5727","5727","5727"
"55","221","221","221","810","810","810","221","221","221","4201","4201","4201","221","221","221","6567","6567","6567","221","221","221","558","558","558","221","221","221","3495","3495","3495","221","221","221","6355","6355","6355","221","221","221","291","291","291","221","221","221","2271","2271","2271","221","221","221","5728","5728","5728"
"56","225","225","225","783","783","783","225","225","225","4173","4173","4173","225","225","225","6557","6557","6557","225","225","225","547","547","547","225","225","225","3490","3490","3490","225","225","225","6335","6335","6335","225","225","225","304","304","304","225","225","225","2326","2326","2326","225","225","225","5726","5726","5726"
"57","229","229","229","792","792","792","229","229","229","4200","4200","4200","229","229","229","6521","6521","6521","229","229","229","557","557","557","229","229","229","3485","3485","3485","229","229","229","6339","6339","6339","229","229","229","296","296","296","229","229","229","2346","2346","2346","229","229","229","5749","5749","5749"
"58","233","233","233","805","805","805","233","233","233","4171","4171","4171","233","233","233","6549","6549","6549","233","233","233","561","561","561","233","233","233","3456","3456","3456","233","233","233","6321","6321","6321","233","233","233","296","296","296","233","233","233","2289","2289","2289","233","233","233","5742","5742","5742"
"59","237","237","237","809","809","809","237","237","237","4174","4174","4174","237","237","237","6563","6563","6563","237","237","237","562","562","562","237","237","237","3506","3506","3506","237","237","237","6307","6307","6307","237","237","237","299","299","299","237","237","237","2325","2325","2325","237","237","237","5784","5784","5784"
"60","241","241","241","814","814","814","241","241","241","4200","4200","4200","241","241","241","6584","6584","6584","241","241","241","561","561","561","241","241","241","3508","3508","3508","241","241","241","6397","6397","6397","241","241","241","293","293","293","241","241","241","2309","2309","2309","241","241","241","5753","5753","5753"
"61","245","245","245","810","810","810","245","245","245","4243","4243","4243","245","245","245","6551","6551","6551","245","245","245","571","571","571","245","245","245","3496","3496","3496","245","245","245","6363","6363","6363","245","245","245","292","292","292","245","245","245","2313","2313","2313","245","245","245","5729","5729","5729"
"62","249","249","249","804","804","804","249","249","249","4163","4163","4163","249","249","249","6614","6614","6614","249","249","249","565","565","565","249","249","249","3478","3478","3478","249","249","249","6390","6390","6390","249","249","249","293","293","293","249","249","249","2379","2379","2379","249","249","249","5732","5732","5732"
"63","253","253","253","803","803","803","253","253","253","4268","4268","4268","253","253","253","6623","6623","6623","253","253","253","552","552","552","253","253","253","3523","3523","3523","253","253","253","6390","6390","6390","253","253","253","295","295","295","253","253","253","2333","2333","2333","253","253","253","5754","5754","5754"
"64","257","257","257","805","805","805","257","257","257","4236","4236","4236","257","257","257","6569","6569","6569","257","257","257","560","560","560","257","257","257","3507","3507","3507","257","257","257","6360","6360","6360","257","257","257","289","289","289","257","257","257","2307","2307","2307","257","257","257","5736","5736","5736"
"65","261","261","261","817","817","817","261","261","261","4206","4206","4206","261","261","261","6588","6588","6588","261","261","261","562","562","562","261","261","261","3480","3480","3480","261","261","261","6397","6397","6397","261","261","261","299","299","299","261","261","261","2346","2346","2346","261","261","261","5793","5793","5793"
"66","265","265","265","809","809","809","265","265","265","4200","4200","4200","265","265","265","6593","6593","6593","265","265","265","578","578","578","265","265","265","3483","3483","3483","265","265","265","6368","6368","6368","265","265","265","297","297","297","265","265","265","2334","2334","2334","265","265","265","5767","5767","5767"
"67","269","269","269","817","817","817","269","269","269","4231","4231","4231","269","269","269","6600","6600","6600","269","269","269","571","571","571","269","269","269","3535","3535","3535","269","269","269","6368","6368","6368","269","269","269","295","295","295","269","269","269","2273","2273","2273","269","269","269","5728","5728","5728"
"68","273","273","273","816","816","816","273","273","273","4197","4197","4197","273","273","273","6636","6636","6636","273","273","273","574","574","574","273","273","273","3474","3474","3474","273","273","273","6334","6334","6334","273","273","273","290","290","290","273","273","273","2353","2353","2353","273","273","273","5740","5740","5740"
"69","277","277","277","814","814","814","277","277","277","4261","4261","4261","277","277","277","6585","6585","6585","277","277","277","564","564","564","277","277","277","3471","3471","3471","277","277","277","6324","6324","6324","277","277","277","296","296","296","277","277","277","2330","2330","2330","277","277","277","5765","5765","5765"
"70","281","281","281","813","813","813","281","281","281","4222","4222","4222","281","281","281","6569","6569","6569","281","281","281","573","573","573","281","281","281","3543","3543","3543","281","281","281","6378","6378","6378","281","281","281","297","297","297","281","281","281","2308","2308","2308","281","281","281","5749","5749","5749"
"71","285","285","285","812","812","812","285","285","285","4205","4205","4205","285","285","285","6582","6582","6582","285","285","285","557","557","557","285","285","285","3507","3507","3507","285","285","285","6373","6373","6373","285","285","285","302","302","302","285","285","285","2354","2354","2354","285","285","285","5760","5760","5760"
"72","289","289","289","805","805","805","289","289","289","4147","4147","4147","289","289","289","6581","6581","6581","289","289","289","568","568","568","289","289","289","3495","3495","3495","289","289","289","6331","6331","6331","289","289","289","299","299","299","289","289","289","2320","2320","2320","289","289","289","5755","5755","5755"
"73","293","293","293","813","813","813","293","293","293","4264","4264","4264","293","293","293","6605","6605","6605","293","293","293","572","572","572","293","293","293","3529","3529","3529","293","293","293","6374","6374","6374","293","293","293","300","300","300","293","293","293","2299","2299","2299","293","293","293","5738","5738","5738"
"74","297","297","297","810","810","810","297","297","297","4230","4230","4230","297","297","297","6571","6571","6571","297","297","297","572","572","572","297","297","297","3459","3459","3459","297","297","297","6345","6345","6345","297","297","297","294","294","294","297","297","297","2363","2363","2363","297","297","297","5742","5742","5742"
"75","301","301","301","811","811","811","301","301","301","4263","4263","4263","301","301","301","6599","6599","6599","301","301","301","559","559","559","301","301","301","3528","3528","3528","301","301","301","6362","6362","6362","301","301","301","304","304","304","301","301","301","2331","2331","2331","301","301","301","5732","5732","5732"
"76","305","305","305","824","824","824","305","305","305","4210","4210","4210","305","305","305","6577","6577","6577","305","305","305","570","570","570","305","305","305","3503","3503","3503","305","305","305","6334","6334","6334","305","305","305","297","297","297","305","305","305","2350","2350","2350","305","305","305","5759","5759","5759"
"77","309","309","309","803","803","803","309","309","309","4228","4228","4228","309","309","309","6586","6586","6586","309","309","309","578","578","578","309","309","309","3492","3492","3492","309","309","309","6311","6311","6311","309","309","309","297","297","297","309","309","309","2321","2321","2321","309","309","309","5780","5780","5780"
"78","313","313","313","821","821","821","313","313","313","4224","4224","4224","313","313","313","6582","6582","6582","313","313","313","566","566","566","313","313","313","3503","3503","3503","313","313","313","6339","6339","6339","313","313","313","297","297","297","313","313","313","2364","2364","2364","313","313","313","5748","5748","5748"
"79","317","317","317","816","816","816","317","317","317","4294","4294","4294","317","317","317","6577","6577","6577","317","317","317","579","579","579","317","317","317","3525","3525","3525","317","317","317","6342","6342","6342","317","317","317","297","297","297","317","317","317","2305","2305","2305","317","317","317","5735","5735","5735"
"80","321","321","321","815","815","815","321","321","321","4148","4148","4148","321","321","321","6581","6581","6581","321","321","321","566","566","566","321","321","321","3525","3525","3525","321","321","321","6362","6362","6362","321","321","321","300","300","300","321","321","321","2352","2352","2352","321","321","321","5751","5751","5751"
"81","325","325","325","828","828","828","325","325","325","4240","4240","4240","325","325","325","6571","6571","6571","325","325","325","568","568","568","325","325","325","3522","3522","3522","325","325","325","6353","6353","6353","325","325","325","301","301","301","325","325","325","2341","2341","2341","325","325","325","5777","5777","5777"
"82","329","329","329","815","815","815","329","329","329","4216","4216","4216","329","329","329","6566","6566","6566","329","329","329","563","563","563","329","329","329","3472","3472","3472","329","329","329","6371","6371","6371","329","329","329","304","304","304","329","329","329","2320","2320","2320","329","329","329","5744","5744","5744"
"83","333","333","333","825","825","825","333","333","333","4236","4236","4236","333","333","333","6604","6604","6604","333","333","333","568","568","568","333","333","333","3489","3489","3489","333","333","333","6359","6359","6359","333","333","333","292","292","292","333","333","333","2334","2334","2334","333","333","333","5795","5795","5795"
"84","337","337","337","812","812","812","337","337","337","4177","4177","4177","337","337","337","6571","6571","6571","337","337","337","569","569","569","337","337","337","3515","3515","3515","337","337","337","6350","6350","6350","337","337","337","301","301","301","337","337","337","2322","2322","2322","337","337","337","5750","5750","5750"
"85","341","341","341","826","826","826","341","341","341","4322","4322","4322","341","341","341","6596","6596","6596","341","341","341","556","556","556","341","341","341","3504","3504","3504","341","341","341","6384","6384","6384","341","341","341","297","297","297","341","341","341","2318","2318","2318","341","341","341","5785","5785","5785"
"86","345","345","345","803","803","803","345","345","345","4210","4210","4210","345","345","345","6558","6558","6558","345","345","345","569","569","569","345","345","345","3471","3471","3471","345","345","345","6398","6398","6398","345","345","345","298","298","298","345","345","345","2352","2352","2352","345","345","345","5746","5746","5746"
"87","349","349","349","820","820","820","349","349","349","4259","4259","4259","349","349","349","6599","6599","6599","349","349","349","556","556","556","349","349","349","3479","3479","3479","349","349","349","6380","6380","6380","349","349","349","299","299","299","349","349","349","2331","2331","2331","349","349","349","5751","5751","5751"
"88","353","353","353","836","836","836","353","353","353","4215","4215","4215","353","353","353","6564","6564","6564","353","353","353","573","573","573","353","353","353","3509","3509","3509","353","353","353","6366","6366","6366","353","353","353","299","299","299","353","353","353","2325","2325","2325","353","353","353","5751","5751","5751"
"89","357","357","357","826","826","826","357","357","357","4230","4230","4230","357","357","357","6627","6627","6627","357","357","357","567","567","567","357","357","357","3490","3490","3490","357","357","357","6369","6369","6369","357","357","357","299","299","299","357","357","357","2340","2340","2340","357","357","357","5773","5773","5773"
"90","361","361","361","822","822","822","361","361","361","4259","4259","4259","361","361","361","6546","6546","6546","361","361","361","571","571","571","361","361","361","3493","3493","3493","361","361","361","6335","6335","6335","361","361","361","303","303","303","361","361","361","2340","2340","2340","361","361","361","5791","5791","5791"
"91","365","365","365","844","844","844","365","365","365","4288","4288","4288","365","365","365","6589","6589","6589","365","365","365","565","565","565","365","365","365","3526","3526","3526","365","365","365","6374","6374","6374","365","365","365","298","298","298","365","365","365","2306","2306","2306","365","365","365","5760","5760","5760"
"92","369","369","369","824","824","824","369","369","369","4186","4186","4186","369","369","369","6590","6590","6590","369","369","369","568","568","568","369","369","369","3517","3517","3517","369","369","369","6367","6367","6367","369","369","369","297","297","297","369","369","369","2341","2341","2341","369","369","369","5764","5764","5764"
"93","373","373","373","836","836","836","373","373","373","4260","4260","4260","373","373","373","6588","6588","6588","373","373","373","579","579","579","373","373","373","3510","3510","3510","373","373","373","6356","6356","6356","373","373","373","302","302","302","373","373","373","2342","2342","2342","373","373","373","5773","5773","5773"
"94","377","377","377","808","808","808","377","377","377","4251","4251","4251","377","377","377","6555","6555","6555","377","377","377","571","571","571","377","377","377","3470","3470","3470","377","377","377","6341","6341","6341","377","377","377","303","303","303","377","377","377","2347","2347","2347","377","377","377","5760","5760","5760"
"95","381","381","381","819","819","819","381","381","381","4223","4223","4223","381","381","381","6611","6611","6611","381","381","381","573","573","573","381","381","381","3535","3535","3535","381","381","381","6371","6371","6371","381","381","381","309","309","309","381","381","381","2304","2304","2304","381","381","381","5774","5774","5774"
"96","385","385","385","825","825","825","385","385","385","4165","4165","4165","385","385","385","6576","6576","6576","385","385","385","568","568","568","385","385","385","3513","3513","3513","385","385","385","6349","6349","6349","385","385","385","300","300","300","385","385","385","2342","2342","2342","385","385","385","5782","5782","5782"
"97","389","389","389","815","815","815","389","389","389","4244","4244","4244","389","389","389","6595","6595","6595","389","389","389","573","573","573","389","389","389","3525","3525","3525","389","389","389","6420","6420","6420","389","389","389","302","302","302","389","389","389","2331","2331","2331","389","389","389","5782","5782","5782"
"98","393","393","393","821","821","821","393","393","393","4260","4260","4260","393","393","393","6575","6575","6575","393","393","393","575","575","575","393","393","393","3475","3475","3475","393","393","393","6392","6392","6392","393","393","393","293","293","293","393","393","393","2340","2340","2340","393","393","393","5767","5767","5767"
"99","397","397","397","817","817","817","397","397","397","4256","4256","4256","397","397","397","6640","6640","6640","397","397","397","571","571","571","397","397","397","3500","3500","3500","397","397","397","6389","6389","6389","397","397","397","302","302","302","397","397","397","2334","2334","2334","397","397","397","5795","5795","5795"
"100","401","401","401","829","829","829","401","401","401","4243","4243","4243","401","401","401","6608","6608","6608","401","401","401","573","573","573","401","401","401","3544","3544","3544","401","401","401","6387","6387","6387","401","401","401","298","298","298","401","401","401","2352","2352","2352","401","401","401","5767","5767","5767"
"101","405","405","405","815","815","815","405","405","405","4242","4242","4242","405","405","405","6642","6642","6642","405","405","405","580","580","580","405","405","405","3537","3537","3537","405","405","405","6364","6364","6364","405","405","405","297","297","297","405","405","405","2334","2334","2334","405","405","405","5780","5780","5780"
"102","409","409","409","826","826","826","409","409","409","4233","4233","4233","409","409","409","6630","6630","6630","409","409","409","581","581","581","409","409","409","3488","3488","3488","409","409","409","6347","6347","6347","409","409","409","295","295","295","409","409","409","2350","2350","2350","409","409","409","5751","5751","5751"
"103","413","413","413","818","818","818","413","413","413","4319","4319","4319","413","413","413","6611","6611","6611","413","413","413","577","577","577","413","413","413","3565","3565","3565","413","413","413","6361","6361","6361","413","413","413","297","297","297","413","413","413","2347","2347","2347","413","413","413","5766","5766","5766"
"104","417","417","417","813","813","813","417","417","417","4207","4207","4207","417","417","417","6581","6581","6581","417","417","417","567","567","567","417","417","417","3486","3486","3486","417","417","417","6355","6355","6355","417","417","417","300","300","300","417","417","417","2357","2357","2357","417","417","417","5761","5761","5761"
"105","421","421","421","827","827","827","421","421","421","4303","4303","4303","421","421","421","6604","6604","6604","421","421","421","578","578","578","421","421","421","3548","3548","3548","421","421","421","6398","6398","6398","421","421","421","304","304","304","421","421","421","2370","2370","2370","421","421","421","5777","5777","5777"
"106","425","425","425","807","807","807","425","425","425","4275","4275","4275","425","425","425","6567","6567","6567","425","425","425","572","572","572","425","425","425","3564","3564","3564","425","425","425","6358","6358","6358","425","425","425","300","300","300","425","425","425","2332","2332","2332","425","425","425","5739","5739","5739"
"107","429","429","429","837","837","837","429","429","429","4210","4210","4210","429","429","429","6598","6598","6598","429","429","429","570","570","570","429","429","429","3512","3512","3512","429","429","429","6333","6333","6333","429","429","429","303","303","303","429","429","429","2313","2313","2313","429","429","429","5778","5778","5778"
"108","433","433","433","829","829","829","433","433","433","4231","4231","4231","433","433","433","6587","6587","6587","433","433","433","573","573","573","433","433","433","3486","3486","3486","433","433","433","6315","6315","6315","433","433","433","299","299","299","433","433","433","2351","2351","2351","433","433","433","5766","5766","5766"
"109","437","437","437","815","815","815","437","437","437","4276","4276","4276","437","437","437","6562","6562","6562","437","437","437","567","567","567","437","437","437","3573","3573","3573","437","437","437","6374","6374","6374","437","437","437","301","301","301","437","437","437","2355","2355","2355","437","437","437","5793","5793","5793"
"110","441","441","441","834","834","834","441","441","441","4274","4274","4274","441","441","441","6554","6554","6554","441","441","441","581","581","581","441","441","441","3501","3501","3501","441","441","441","6355","6355","6355","441","441","441","298","298","298","441","441","441","2343","2343","2343","441","441","441","5740","5740","5740"
"111","445","445","445","829","829","829","445","445","445","4269","4269","4269","445","445","445","6587","6587","6587","445","445","445","567","567","567","445","445","445","3531","3531","3531","445","445","445","6344","6344","6344","445","445","445","304","304","304","445","445","445","2327","2327","2327","445","445","445","5772","5772","5772"
"112","449","449","449","827","827","827","449","449","449","4217","4217","4217","449","449","449","6599","6599","6599","449","449","449","576","576","576","449","449","449","3520","3520","3520","449","449","449","6337","6337","6337","449","449","449","301","301","301","449","449","449","2352","2352","2352","449","449","449","5780","5780","5780"
"113","453","453","453","828","828","828","453","453","453","4252","4252","4252","453","453","453","6600","6600","6600","453","453","453","582","582","582","453","453","453","3491","3491","3491","453","453","453","6373","6373","6373","453","453","453","302","302","302","453","453","453","2332","2332","2332","453","453","453","5801","5801","5801"
"114","457","457","457","831","831","831","457","457","457","4233","4233","4233","457","457","457","6565","6565","6565","457","457","457","575","575","575","457","457","457","3503","3503","3503","457","457","457","6351","6351","6351","457","457","457","305","305","305","457","457","457","2352","2352","2352","457","457","457","5777","5777","5777"
"115","461","461","461","821","821","821","461","461","461","4290","4290","4290","461","461","461","6589","6589","6589","461","461","461","569","569","569","461","461","461","3551","3551","3551","461","461","461","6397","6397","6397","461","461","461","300","300","300","461","461","461","2323","2323","2323","461","461","461","5765","5765","5765"
"116","465","465","465","844","844","844","465","465","465","4242","4242","4242","465","465","465","6550","6550","6550","465","465","465","568","568","568","465","465","465","3476","3476","3476","465","465","465","6330","6330","6330","465","465","465","297","297","297","465","465","465","2322","2322","2322","465","465","465","5747","5747","5747"
"117","469","469","469","814","814","814","469","469","469","4252","4252","4252","469","469","469","6561","6561","6561","469","469","469","588","588","588","469","469","469","3514","3514","3514","469","469","469","6327","6327","6327","469","469","469","299","299","299","469","469","469","2367","2367","2367","469","469","469","5788","5788","5788"
"118","473","473","473","814","814","814","473","473","473","4272","4272","4272","473","473","473","6582","6582","6582","473","473","473","578","578","578","473","473","473","3523","3523","3523","473","473","473","6362","6362","6362","473","473","473","304","304","304","473","473","473","2349","2349","2349","473","473","473","5756","5756","5756"
"119","477","477","477","802","802","802","477","477","477","4234","4234","4234","477","477","477","6624","6624","6624","477","477","477","577","577","577","477","477","477","3571","3571","3571","477","477","477","6352","6352","6352","477","477","477","303","303","303","477","477","477","2347","2347","2347","477","477","477","5789","5789","5789"
"120","481","481","481","829","829","829","481","481","481","4246","4246","4246","481","481","481","6576","6576","6576","481","481","481","586","586","586","481","481","481","3480","3480","3480","481","481","481","6334","6334","6334","481","481","481","298","298","298","481","481","481","2338","2338","2338","481","481","481","5746","5746","5746"
"121","485","485","485","833","833","833","485","485","485","4275","4275","4275","485","485","485","6593","6593","6593","485","485","485","578","578","578","485","485","485","3551","3551","3551","485","485","485","6379","6379","6379","485","485","485","301","301","301","485","485","485","2339","2339","2339","485","485","485","5779","5779","5779"
"122","489","489","489","836","836","836","489","489","489","4261","4261","4261","489","489","489","6584","6584","6584","489","489","489","575","575","575","489","489","489","3507","3507","3507","489","489","489","6336","6336","6336","489","489","489","299","299","299","489","489","489","2367","2367","2367","489","489","489","5755","5755","5755"
"123","493","493","493","813","813","813","493","493","493","4339","4339","4339","493","493","493","6634","6634","6634","493","493","493","579","579","579","493","493","493","3557","3557","3557","493","493","493","6357","6357","6357","493","493","493","299","299","299","493","493","493","2361","2361","2361","493","493","493","5776","5776","5776"
"124","497","497","497","830","830","830","497","497","497","4258","4258","4258","497","497","497","6615","6615","6615","497","497","497","573","573","573","497","497","497","3506","3506","3506","497","497","497","6333","6333","6333","497","497","497","303","303","303","497","497","497","2350","2350","2350","497","497","497","5748","5748","5748"
"125","501","501","501","818","818","818","501","501","501","4270","4270","4270","501","501","501","6590","6590","6590","501","501","501","562","562","562","501","501","501","3515","3515","3515","501","501","501","6366","6366","6366","501","501","501","301","301","301","501","501","501","2316","2316","2316","501","501","501","5787","5787","5787"
"126","505","505","505","811","811","811","505","505","505","4227","4227","4227","505","505","505","6597","6597","6597","505","505","505","573","573","573","505","505","505","3505","3505","3505","505","505","505","6336","6336","6336","505","505","505","300","300","300","505","505","505","2321","2321","2321","505","505","505","5752","5752","5752"
"127","509","509","509","813","813","813","509","509","509","4278","4278","4278","509","509","509","6625","6625","6625","509","509","509","578","578","578","509","509","509","3509","3509","3509","509","509","509","6376","6376","6376","509","509","509","302","302","302","509","509","509","2333","2333","2333","509","509","509","5747","5747","5747"
"128","513","513","513","820","820","820","513","513","513","4217","4217","4217","513","513","513","6593","6593","6593","513","513","513","569","569","569","513","513","513","3485","3485","3485","513","513","513","6360","6360","6360","513","513","513","301","301","301","513","513","513","2345","2345","2345","513","513","513","5764","5764","5764"
"129","517","517","517","825","825","825","517","517","517","4315","4315","4315","517","517","517","6633","6633","6633","517","517","517","577","577","577","517","517","517","3556","3556","3556","517","517","517","6385","6385","6385","517","517","517","301","301","301","517","517","517","2339","2339","2339","517","517","517","5773","5773","5773"
"130","521","521","521","806","806","806","521","521","521","4288","4288","4288","521","521","521","6609","6609","6609","521","521","521","579","579","579","521","521","521","3534","3534","3534","521","521","521","6401","6401","6401","521","521","521","298","298","298","521","521","521","2341","2341","2341","521","521","521","5749","5749","5749"
"131","525","525","525","826","826","826","525","525","525","4190","4190","4190","525","525","525","6609","6609","6609","525","525","525","573","573","573","525","525","525","3504","3504","3504","525","525","525","6399","6399","6399","525","525","525","301","301","301","525","525","525","2317","2317","2317","525","525","525","5769","5769","5769"
"132","529","529","529","827","827","827","529","529","529","4228","4228","4228","529","529","529","6586","6586","6586","529","529","529","570","570","570","529","529","529","3489","3489","3489","529","529","529","6340","6340","6340","529","529","529","299","299","299","529","529","529","2341","2341","2341","529","529","529","5767","5767","5767"
"133","533","533","533","818","818","818","533","533","533","4295","4295","4295","533","533","533","6613","6613","6613","533","533","533","581","581","581","533","533","533","3579","3579","3579","533","533","533","6406","6406","6406","533","533","533","301","301","301","533","533","533","2337","2337","2337","533","533","533","5762","5762","5762"
"134","537","537","537","842","842","842","537","537","537","4230","4230","4230","537","537","537","6572","6572","6572","537","537","537","577","577","577","537","537","537","3505","3505","3505","537","537","537","6393","6393","6393","537","537","537","304","304","304","537","537","537","2340","2340","2340","537","537","537","5752","5752","5752"
"135","541","541","541","819","819","819","541","541","541","4344","4344","4344","541","541","541","6622","6622","6622","541","541","541","569","569","569","541","541","541","3556","3556","3556","541","541","541","6367","6367","6367","541","541","541","300","300","300","541","541","541","2357","2357","2357","541","541","541","5778","5778","5778"
"136","545","545","545","842","842","842","545","545","545","4238","4238","4238","545","545","545","6580","6580","6580","545","545","545","570","570","570","545","545","545","3511","3511","3511","545","545","545","6384","6384","6384","545","545","545","303","303","303","545","545","545","2333","2333","2333","545","545","545","5728","5728","5728"
"137","549","549","549","831","831","831","549","549","549","4225","4225","4225","549","549","549","6610","6610","6610","549","549","549","582","582","582","549","549","549","3552","3552","3552","549","549","549","6407","6407","6407","549","549","549","303","303","303","549","549","549","2312","2312","2312","549","549","549","5772","5772","5772"
"138","553","553","553","837","837","837","553","553","553","4267","4267","4267","553","553","553","6596","6596","6596","553","553","553","568","568","568","553","553","553","3485","3485","3485","553","553","553","6369","6369","6369","553","553","553","300","300","300","553","553","553","2358","2358","2358","553","553","553","5774","5774","5774"
"139","557","557","557","836","836","836","557","557","557","4269","4269","4269","557","557","557","6635","6635","6635","557","557","557","579","579","579","557","557","557","3553","3553","3553","557","557","557","6387","6387","6387","557","557","557","299","299","299","557","557","557","2328","2328","2328","557","557","557","5788","5788","5788"
"140","561","561","561","823","823","823","561","561","561","4221","4221","4221","561","561","561","6588","6588","6588","561","561","561","573","573","573","561","561","561","3514","3514","3514","561","561","561","6348","6348","6348","561","561","561","305","305","305","561","561","561","2332","2332","2332","561","561","561","5775","5775","5775"
"141","565","565","565","830","830","830","565","565","565","4263","4263","4263","565","565","565","6600","6600","6600","565","565","565","577","577","577","565","565","565","3517","3517","3517","565","565","565","6339","6339","6339","565","565","565","300","300","300","565","565","565","2338","2338","2338","565","565","565","5773","5773","5773"
"142","569","569","569","826","826","826","569","569","569","4339","4339","4339","569","569","569","6612","6612","6612","569","569","569","572","572","572","569","569","569","3501","3501","3501","569","569","569","6362","6362","6362","569","569","569","302","302","302","569","569","569","2343","2343","2343","569","569","569","5776","5776","5776"
"143","573","573","573","832","832","832","573","573","573","4249","4249","4249","573","573","573","6617","6617","6617","573","573","573","575","575","575","573","573","573","3533","3533","3533","573","573","573","6355","6355","6355","573","573","573","299","299","299","573","573","573","2330","2330","2330","573","573","573","5770","5770","5770"
"144","577","577","577","828","828","828","577","577","577","4194","4194","4194","577","577","577","6598","6598","6598","577","577","577","575","575","575","577","577","577","3495","3495","3495","577","577","577","6351","6351","6351","577","577","577","298","298","298","577","577","577","2352","2352","2352","577","577","577","5755","5755","5755"
"145","581","581","581","819","819","819","581","581","581","4276","4276","4276","581","581","581","6593","6593","6593","581","581","581","576","576","576","581","581","581","3542","3542","3542","581","581","581","6362","6362","6362","581","581","581","299","299","299","581","581","581","2327","2327","2327","581","581","581","5791","5791","5791"
"146","585","585","585","823","823","823","585","585","585","4288","4288","4288","585","585","585","6564","6564","6564","585","585","585","566","566","566","585","585","585","3488","3488","3488","585","585","585","6376","6376","6376","585","585","585","304","304","304","585","585","585","2342","2342","2342","585","585","585","5795","5795","5795"
"147","589","589","589","833","833","833","589","589","589","4284","4284","4284","589","589","589","6635","6635","6635","589","589","589","576","576","576","589","589","589","3543","3543","3543","589","589","589","6304","6304","6304","589","589","589","292","292","292","589","589","589","2328","2328","2328","589","589","589","5790","5790","5790"
"148","593","593","593","816","816","816","593","593","593","4260","4260","4260","593","593","593","6609","6609","6609","593","593","593","571","571","571","593","593","593","3539","3539","3539","593","593","593","6349","6349","6349","593","593","593","300","300","300","593","593","593","2345","2345","2345","593","593","593","5740","5740","5740"
"149","597","597","597","832","832","832","597","597","597","4209","4209","4209","597","597","597","6619","6619","6619","597","597","597","582","582","582","597","597","597","3514","3514","3514","597","597","597","6363","6363","6363","597","597","597","303","303","303","597","597","597","2333","2333","2333","597","597","597","5760","5760","5760"
"150","601","601","601","827","827","827","601","601","601","4333","4333","4333","601","601","601","6604","6604","6604","601","601","601","582","582","582","601","601","601","3549","3549","3549","601","601","601","6344","6344","6344","601","601","601","306","306","306","601","601","601","2336","2336","2336","601","601","601","5766","5766","5766"
"151","605","605","605","827","827","827","605","605","605","4297","4297","4297","605","605","605","6579","6579","6579","605","605","605","574","574","574","605","605","605","3527","3527","3527","605","605","605","6375","6375","6375","605","605","605","303","303","303","605","605","605","2309","2309","2309","605","605","605","5778","5778","5778"
"152","609","609","609","806","806","806","609","609","609","4244","4244","4244","609","609","609","6595","6595","6595","609","609","609","571","571","571","609","609","609","3528","3528","3528","609","609","609","6348","6348","6348","609","609","609","296","296","296","609","609","609","2346","2346","2346","609","609","609","5727","5727","5727"
"153","613","613","613","833","833","833","613","613","613","4323","4323","4323","613","613","613","6597","6597","6597","613","613","613","570","570","570","613","613","613","3562","3562","3562","613","613","613","6348","6348","6348","613","613","613","305","305","305","613","613","613","2359","2359","2359","613","613","613","5764","5764","5764"
"154","617","617","617","825","825","825","617","617","617","4298","4298","4298","617","617","617","6574","6574","6574","617","617","617","587","587","587","617","617","617","3529","3529","3529","617","617","617","6382","6382","6382","617","617","617","304","304","304","617","617","617","2342","2342","2342","617","617","617","5747","5747","5747"
"155","621","621","621","839","839","839","621","621","621","4284","4284","4284","621","621","621","6588","6588","6588","621","621","621","572","572","572","621","621","621","3530","3530","3530","621","621","621","6366","6366","6366","621","621","621","302","302","302","621","621","621","2301","2301","2301","621","621","621","5778","5778","5778"
"156","625","625","625","825","825","825","625","625","625","4219","4219","4219","625","625","625","6598","6598","6598","625","625","625","580","580","580","625","625","625","3529","3529","3529","625","625","625","6398","6398","6398","625","625","625","301","301","301","625","625","625","2348","2348","2348","625","625","625","5746","5746","5746"
"157","629","629","629","823","823","823","629","629","629","4341","4341","4341","629","629","629","6587","6587","6587","629","629","629","583","583","583","629","629","629","3546","3546","3546","629","629","629","6355","6355","6355","629","629","629","298","298","298","629","629","629","2323","2323","2323","629","629","629","5771","5771","5771"
"158","633","633","633","827","827","827","633","633","633","4282","4282","4282","633","633","633","6590","6590","6590","633","633","633","576","576","576","633","633","633","3507","3507","3507","633","633","633","6375","6375","6375","633","633","633","302","302","302","633","633","633","2348","2348","2348","633","633","633","5771","5771","5771"
"159","637","637","637","842","842","842","637","637","637","4356","4356","4356","637","637","637","6576","6576","6576","637","637","637","577","577","577","637","637","637","3558","3558","3558","637","637","637","6354","6354","6354","637","637","637","300","300","300","637","637","637","2341","2341","2341","637","637","637","5760","5760","5760"
"160","641","641","641","817","817","817","641","641","641","4251","4251","4251","641","641","641","6593","6593","6593","641","641","641","576","576","576","641","641","641","3606","3606","3606","641","641","641","6407","6407","6407","641","641","641","303","303","303","641","641","641","2366","2366","2366","641","641","641","5773","5773","5773"
"161","645","645","645","825","825","825","645","645","645","4309","4309","4309","645","645","645","6577","6577","6577","645","645","645","581","581","581","645","645","645","3486","3486","3486","645","645","645","6354","6354","6354","645","645","645","295","295","295","645","645","645","2359","2359","2359","645","645","645","5794","5794","5794"
"162","649","649","649","818","818","818","649","649","649","4282","4282","4282","649","649","649","6581","6581","6581","649","649","649","568","568","568","649","649","649","3521","3521","3521","649","649","649","6320","6320","6320","649","649","649","298","298","298","649","649","649","2387","2387","2387","649","649","649","5776","5776","5776"
"163","653","653","653","828","828","828","653","653","653","4324","4324","4324","653","653","653","6582","6582","6582","653","653","653","574","574","574","653","653","653","3568","3568","3568","653","653","653","6381","6381","6381","653","653","653","303","303","303","653","653","653","2363","2363","2363","653","653","653","5786","5786","5786"
"164","657","657","657","834","834","834","657","657","657","4256","4256","4256","657","657","657","6577","6577","6577","657","657","657","577","577","577","657","657","657","3481","3481","3481","657","657","657","6352","6352","6352","657","657","657","304","304","304","657","657","657","2340","2340","2340","657","657","657","5738","5738","5738"
"165","661","661","661","830","830","830","661","661","661","4380","4380","4380","661","661","661","6601","6601","6601","661","661","661","564","564","564","661","661","661","3568","3568","3568","661","661","661","6348","6348","6348","661","661","661","305","305","305","661","661","661","2320","2320","2320","661","661","661","5771","5771","5771"
"166","665","665","665","842","842","842","665","665","665","4294","4294","4294","665","665","665","6586","6586","6586","665","665","665","566","566","566","665","665","665","3510","3510","3510","665","665","665","6376","6376","6376","665","665","665","302","302","302","665","665","665","2352","2352","2352","665","665","665","5742","5742","5742"
"167","669","669","669","833","833","833","669","669","669","4261","4261","4261","669","669","669","6586","6586","6586","669","669","669","557","557","557","669","669","669","3525","3525","3525","669","669","669","6377","6377","6377","669","669","669","297","297","297","669","669","669","2317","2317","2317","669","669","669","5776","5776","5776"
"168","673","673","673","817","817","817","673","673","673","4213","4213","4213","673","673","673","6607","6607","6607","673","673","673","577","577","577","673","673","673","3560","3560","3560","673","673","673","6383","6383","6383","673","673","673","304","304","304","673","673","673","2378","2378","2378","673","673","673","5754","5754","5754"
"169","677","677","677","826","826","826","677","677","677","4330","4330","4330","677","677","677","6564","6564","6564","677","677","677","580","580","580","677","677","677","3545","3545","3545","677","677","677","6369","6369","6369","677","677","677","303","303","303","677","677","677","2332","2332","2332","677","677","677","5780","5780","5780"
"170","681","681","681","830","830","830","681","681","681","4278","4278","4278","681","681","681","6574","6574","6574","681","681","681","584","584","584","681","681","681","3484","3484","3484","681","681","681","6372","6372","6372","681","681","681","306","306","306","681","681","681","2327","2327","2327","681","681","681","5761","5761","5761"
"171","685","685","685","810","810","810","685","685","685","4347","4347","4347","685","685","685","6605","6605","6605","685","685","685","576","576","576","685","685","685","3504","3504","3504","685","685","685","6319","6319","6319","685","685","685","304","304","304","685","685","685","2320","2320","2320","685","685","685","5779","5779","5779"
"172","689","689","689","821","821","821","689","689","689","4245","4245","4245","689","689","689","6592","6592","6592","689","689","689","574","574","574","689","689","689","3561","3561","3561","689","689","689","6354","6354","6354","689","689","689","303","303","303","689","689","689","2375","2375","2375","689","689","689","5731","5731","5731"
"173","693","693","693","835","835","835","693","693","693","4251","4251","4251","693","693","693","6591","6591","6591","693","693","693","584","584","584","693","693","693","3497","3497","3497","693","693","693","6376","6376","6376","693","693","693","301","301","301","693","693","693","2319","2319","2319","693","693","693","5754","5754","5754"
"174","697","697","697","824","824","824","697","697","697","4244","4244","4244","697","697","697","6600","6600","6600","697","697","697","567","567","567","697","697","697","3504","3504","3504","697","697","697","6365","6365","6365","697","697","697","306","306","306","697","697","697","2380","2380","2380","697","697","697","5760","5760","5760"
"175","701","701","701","832","832","832","701","701","701","4305","4305","4305","701","701","701","6622","6622","6622","701","701","701","572","572","572","701","701","701","3538","3538","3538","701","701","701","6364","6364","6364","701","701","701","299","299","299","701","701","701","2315","2315","2315","701","701","701","5757","5757","5757"
"176","705","705","705","848","848","848","705","705","705","4242","4242","4242","705","705","705","6595","6595","6595","705","705","705","560","560","560","705","705","705","3498","3498","3498","705","705","705","6344","6344","6344","705","705","705","308","308","308","705","705","705","2341","2341","2341","705","705","705","5746","5746","5746"
"177","709","709","709","839","839","839","709","709","709","4368","4368","4368","709","709","709","6614","6614","6614","709","709","709","567","567","567","709","709","709","3507","3507","3507","709","709","709","6333","6333","6333","709","709","709","298","298","298","709","709","709","2317","2317","2317","709","709","709","5752","5752","5752"
"178","713","713","713","815","815","815","713","713","713","4321","4321","4321","713","713","713","6638","6638","6638","713","713","713","571","571","571","713","713","713","3557","3557","3557","713","713","713","6352","6352","6352","713","713","713","297","297","297","713","713","713","2321","2321","2321","713","713","713","5730","5730","5730"
"179","717","717","717","835","835","835","717","717","717","4282","4282","4282","717","717","717","6617","6617","6617","717","717","717","578","578","578","717","717","717","3498","3498","3498","717","717","717","6405","6405","6405","717","717","717","301","301","301","717","717","717","2329","2329","2329","717","717","717","5756","5756","5756"
"180","721","721","721","833","833","833","721","721","721","4241","4241","4241","721","721","721","6597","6597","6597","721","721","721","573","573","573","721","721","721","3554","3554","3554","721","721","721","6363","6363","6363","721","721","721","301","301","301","721","721","721","2372","2372","2372","721","721","721","5743","5743","5743"
"181","725","725","725","817","817","817","725","725","725","4303","4303","4303","725","725","725","6625","6625","6625","725","725","725","575","575","575","725","725","725","3582","3582","3582","725","725","725","6365","6365","6365","725","725","725","302","302","302","725","725","725","2319","2319","2319","725","725","725","5782","5782","5782"
"182","729","729","729","818","818","818","729","729","729","4289","4289","4289","729","729","729","6650","6650","6650","729","729","729","578","578","578","729","729","729","3453","3453","3453","729","729","729","6356","6356","6356","729","729","729","298","298","298","729","729","729","2343","2343","2343","729","729","729","5749","5749","5749"
"183","733","733","733","841","841","841","733","733","733","4345","4345","4345","733","733","733","6620","6620","6620","733","733","733","565","565","565","733","733","733","3518","3518","3518","733","733","733","6369","6369","6369","733","733","733","306","306","306","733","733","733","2345","2345","2345","733","733","733","5730","5730","5730"
"184","737","737","737","828","828","828","737","737","737","4237","4237","4237","737","737","737","6609","6609","6609","737","737","737","584","584","584","737","737","737","3538","3538","3538","737","737","737","6343","6343","6343","737","737","737","305","305","305","737","737","737","2356","2356","2356","737","737","737","5752","5752","5752"
"185","741","741","741","827","827","827","741","741","741","4294","4294","4294","741","741","741","6596","6596","6596","741","741","741","584","584","584","741","741","741","3503","3503","3503","741","741","741","6404","6404","6404","741","741","741","300","300","300","741","741","741","2307","2307","2307","741","741","741","5783","5783","5783"
"186","745","745","745","827","827","827","745","745","745","4251","4251","4251","745","745","745","6629","6629","6629","745","745","745","576","576","576","745","745","745","3500","3500","3500","745","745","745","6361","6361","6361","745","745","745","302","302","302","745","745","745","2362","2362","2362","745","745","745","5766","5766","5766"
"187","749","749","749","827","827","827","749","749","749","4348","4348","4348","749","749","749","6599","6599","6599","749","749","749","585","585","585","749","749","749","3497","3497","3497","749","749","749","6348","6348","6348","749","749","749","295","295","295","749","749","749","2329","2329","2329","749","749","749","5772","5772","5772"
"188","753","753","753","827","827","827","753","753","753","4259","4259","4259","753","753","753","6566","6566","6566","753","753","753","578","578","578","753","753","753","3484","3484","3484","753","753","753","6362","6362","6362","753","753","753","305","305","305","753","753","753","2332","2332","2332","753","753","753","5730","5730","5730"
"189","757","757","757","854","854","854","757","757","757","4299","4299","4299","757","757","757","6590","6590","6590","757","757","757","572","572","572","757","757","757","3532","3532","3532","757","757","757","6339","6339","6339","757","757","757","301","301","301","757","757","757","2336","2336","2336","757","757","757","5751","5751","5751"
"190","761","761","761","833","833","833","761","761","761","4298","4298","4298","761","761","761","6598","6598","6598","761","761","761","572","572","572","761","761","761","3538","3538","3538","761","761","761","6373","6373","6373","761","761","761","300","300","300","761","761","761","2337","2337","2337","761","761","761","5744","5744","5744"
"191","765","765","765","839","839","839","765","765","765","4333","4333","4333","765","765","765","6573","6573","6573","765","765","765","584","584","584","765","765","765","3499","3499","3499","765","765","765","6367","6367","6367","765","765","765","296","296","296","765","765","765","2309","2309","2309","765","765","765","5753","5753","5753"
"192","769","769","769","832","832","832","769","769","769","4236","4236","4236","769","769","769","6589","6589","6589","769","769","769","576","576","576","769","769","769","3525","3525","3525","769","769","769","6331","6331","6331","769","769","769","302","302","302","769","769","769","2368","2368","2368","769","769","769","5757","5757","5757"
"193","773","773","773","839","839","839","773","773","773","4261","4261","4261","773","773","773","6575","6575","6575","773","773","773","573","573","573","773","773","773","3500","3500","3500","773","773","773","6380","6380","6380","773","773","773","299","299","299","773","773","773","2361","2361","2361","773","773","773","5781","5781","5781"
"194","777","777","777","833","833","833","777","777","777","4314","4314","4314","777","777","777","6574","6574","6574","777","777","777","571","571","571","777","777","777","3463","3463","3463","777","777","777","6376","6376","6376","777","777","777","295","295","295","777","777","777","2341","2341","2341","777","777","777","5734","5734","5734"
"195","781","781","781","850","850","850","781","781","781","4320","4320","4320","781","781","781","6622","6622","6622","781","781","781","576","576","576","781","781","781","3570","3570","3570","781","781","781","6336","6336","6336","781","781","781","298","298","298","781","781","781","2316","2316","2316","781","781","781","5784","5784","5784"
"196","785","785","785","809","809","809","785","785","785","4211","4211","4211","785","785","785","6588","6588","6588","785","785","785","581","581","581","785","785","785","3485","3485","3485","785","785","785","6332","6332","6332","785","785","785","301","301","301","785","785","785","2333","2333","2333","785","785","785","5737","5737","5737"
"197","789","789","789","836","836","836","789","789","789","4248","4248","4248","789","789","789","6585","6585","6585","789","789","789","575","575","575","789","789","789","3512","3512","3512","789","789","789","6350","6350","6350","789","789","789","300","300","300","789","789","789","2337","2337","2337","789","789","789","5775","5775","5775"
"198","793","793","793","837","837","837","793","793","793","4255","4255","4255","793","793","793","6599","6599","6599","793","793","793","570","570","570","793","793","793","3521","3521","3521","793","793","793","6360","6360","6360","793","793","793","302","302","302","793","793","793","2385","2385","2385","793","793","793","5786","5786","5786"
"199","797","797","797","835","835","835","797","797","797","4324","4324","4324","797","797","797","6619","6619","6619","797","797","797","570","570","570","797","797","797","3571","3571","3571","797","797","797","6362","6362","6362","797","797","797","302","302","302","797","797","797","2308","2308","2308","797","797","797","5786","5786","5786"