"round","***6,q=0.5,niid - _step","***6,q=0.5,niid - _step__MIN","***6,q=0.5,niid - _step__MAX","***6,q=0.5,niid - Upload_Bits_each_Orbit_Spar","***6,q=0.5,niid - Upload_Bits_each_Orbit_Spar__MIN","***6,q=0.5,niid - Upload_Bits_each_Orbit_Spar__MAX","***6,q=0.1,niid - _step","***6,q=0.1,niid - _step__MIN","***6,q=0.1,niid - _step__MAX","***6,q=0.1,niid - Upload_Bits_each_Orbit_Spar","***6,q=0.1,niid - Upload_Bits_each_Orbit_Spar__MIN","***6,q=0.1,niid - Upload_Bits_each_Orbit_Spar__MAX","***6,q=0.01,niid - _step","***6,q=0.01,niid - _step__MIN","***6,q=0.01,niid - _step__MAX","***6,q=0.01,niid - Upload_Bits_each_Orbit_Spar","***6,q=0.01,niid - Upload_Bits_each_Orbit_Spar__MIN","***6,q=0.01,niid - Upload_Bits_each_Orbit_Spar__MAX","***4,q=0.1,niid - _step","***4,q=0.1,niid - _step__MIN","***4,q=0.1,niid - _step__MAX","***4,q=0.1,niid - Upload_Bits_each_Orbit_Spar","***4,q=0.1,niid - Upload_Bits_each_Orbit_Spar__MIN","***4,q=0.1,niid - Upload_Bits_each_Orbit_Spar__MAX","***4, q=0.01,niid - _step","***4, q=0.01,niid - _step__MIN","***4, q=0.01,niid - _step__MAX","***4, q=0.01,niid - Upload_Bits_each_Orbit_Spar","***4, q=0.01,niid - Upload_Bits_each_Orbit_Spar__MIN","***4, q=0.01,niid - Upload_Bits_each_Orbit_Spar__MAX","***4, q=0.5, niid - _step","***4, q=0.5, niid - _step__MIN","***4, q=0.5, niid - _step__MAX","***4, q=0.5, niid - Upload_Bits_each_Orbit_Spar","***4, q=0.5, niid - Upload_Bits_each_Orbit_Spar__MIN","***4, q=0.5, niid - Upload_Bits_each_Orbit_Spar__MAX"
"0","0","0","0","0","0","0","0","0","0","0","0","0","0","0","0","0","0","0","0","0","0","0","0","0","0","0","0","0","0","0","0","0","0","0","0","0"
"1","3","3","3","2096496.5581017195","2096496.5581017195","2096496.5581017195","3","3","3","480173.0345742167","480173.0345742167","480173.0345742167","3","3","3","49086.74828686913","49086.74828686913","49086.74828686913","3","3","3","360533.7029345905","360533.7029345905","360533.7029345905","3","3","3","36699.65349974385","36699.65349974385","36699.65349974385","3","3","3","1450213.351816922","1450213.351816922","1450213.351816922"
"2","6","6","6","2173819.727425079","2173819.727425079","2173819.727425079","6","6","6","559265.7888671657","559265.7888671657","559265.7888671657","6","6","6","61243.027643178415","61243.027643178415","61243.027643178415","6","6","6","375844.4598453851","375844.4598453851","375844.4598453851","6","6","6","40238.8234389225","40238.8234389225","40238.8234389225","6","6","6","1430670.9786745007","1430670.9786745007","1430670.9786745007"
"3","9","9","9","2199594.117199532","2199594.117199532","2199594.117199532","9","9","9","578269.5926710163","578269.5926710163","578269.5926710163","9","9","9","67859.73665990372","67859.73665990372","67859.73665990372","9","9","9","378075.6756766065","378075.6756766065","378075.6756766065","9","9","9","42162.28536238916","42162.28536238916","42162.28536238916","9","9","9","1427516.5011200155","1427516.5011200155","1427516.5011200155"
"4","12","12","12","2208903.672909111","2208903.672909111","2208903.672909111","12","12","12","621739.8321413628","621739.8321413628","621739.8321413628","12","12","12","70244.82944500238","70244.82944500238","70244.82944500238","12","12","12","389308.69330965175","389308.69330965175","389308.69330965175","12","12","12","41623.716023818495","41623.716023818495","41623.716023818495","12","12","12","1431901.9943055194","1431901.9943055194","1431901.9943055194"
"5","15","15","15","2226368.7071741885","2226368.7071741885","2226368.7071741885","15","15","15","642897.913299496","642897.913299496","642897.913299496","15","15","15","70937.27573745037","70937.27573745037","70937.27573745037","15","15","15","398618.24901923037","398618.24901923037","398618.24901923037","15","15","15","42239.223839327824","42239.223839327824","42239.223839327824","15","15","15","1433363.825367354","1433363.825367354","1433363.825367354"
"6","18","18","18","2223752.7989582736","2223752.7989582736","2223752.7989582736","18","18","18","637204.4660060348","637204.4660060348","637204.4660060348","18","18","18","70475.64487581838","70475.64487581838","70475.64487581838","18","18","18","398233.55663453706","398233.55663453706","398233.55663453706","18","18","18","42854.73165483716","42854.73165483716","42854.73165483716","18","18","18","1430978.7325822555","1430978.7325822555","1430978.7325822555"
"7","21","21","21","2216212.828218284","2216212.828218284","2216212.828218284","21","21","21","666056.3948580346","666056.3948580346","666056.3948580346","21","21","21","74245.63024581302","74245.63024581302","74245.63024581302","21","21","21","398849.0644500464","398849.0644500464","398849.0644500464","21","21","21","42393.10079320516","42393.10079320516","42393.10079320516","21","21","21","1427131.8087353222","1427131.8087353222","1427131.8087353222"
"8","24","24","24","2216597.520602978","2216597.520602978","2216597.520602978","24","24","24","671211.2728129253","671211.2728129253","671211.2728129253","24","24","24","71860.53746071437","71860.53746071437","71860.53746071437","24","24","24","407696.989297993","407696.989297993","407696.989297993","24","24","24","43470.23947034649","43470.23947034649","43470.23947034649","24","24","24","1424285.0850885916","1424285.0850885916","1424285.0850885916"
"9","27","27","27","2215905.0743105295","2215905.0743105295","2215905.0743105295","27","27","27","668441.4876431333","668441.4876431333","668441.4876431333","27","27","27","77015.41541560502","77015.41541560502","77015.41541560502","27","27","27","402772.9267739183","402772.9267739183","402772.9267739183","27","27","27","42931.67013177583","42931.67013177583","42931.67013177583","27","27","27","1422053.8692573702","1422053.8692573702","1422053.8692573702"
"10","30","30","30","2213212.2276176764","2213212.2276176764","2213212.2276176764","30","30","30","677366.3509680185","677366.3509680185","677366.3509680185","30","30","30","75245.8304460157","75245.8304460157","75245.8304460157","30","30","30","408004.7432057477","408004.7432057477","408004.7432057477","30","30","30","44393.501193610486","44393.501193610486","44393.501193610486","30","30","30","1422515.500119002","1422515.500119002","1422515.500119002"
"11","33","33","33","2218905.6749111377","2218905.6749111377","2218905.6749111377","33","33","33","686522.0297237198","686522.0297237198","686522.0297237198","33","33","33","77630.92323111434","77630.92323111434","77630.92323111434","33","33","33","409466.5742675823","409466.5742675823","409466.5742675823","33","33","33","44701.255101365154","44701.255101365154","44701.255101365154","33","33","33","1416360.421963909","1416360.421963909","1416360.421963909"
"12","36","36","36","2205826.1338315643","2205826.1338315643","2205826.1338315643","36","36","36","684983.2601849465","684983.2601849465","684983.2601849465","36","36","36","77323.16932335969","77323.16932335969","77323.16932335969","36","36","36","406619.8506208517","406619.8506208517","406619.8506208517","36","36","36","43393.30099340782","43393.30099340782","43393.30099340782","36","36","36","1416822.0528255408","1416822.0528255408","1416822.0528255408"
"13","39","39","39","2209519.1807246204","2209519.1807246204","2209519.1807246204","39","39","39","686137.3373390265","686137.3373390265","686137.3373390265","39","39","39","77784.80018499168","77784.80018499168","77784.80018499168","39","39","39","407773.92777493165","407773.92777493165","407773.92777493165","39","39","39","44778.19357830381","44778.19357830381","44778.19357830381","39","39","39","1414360.0215635034","1414360.0215635034","1414360.0215635034"
"14","42","42","42","2202363.902369324","2202363.902369324","2202363.902369324","42","42","42","688060.7992624932","688060.7992624932","688060.7992624932","42","42","42","80246.831447029","80246.831447029","80246.831447029","42","42","42","411082.2822832943","411082.2822832943","411082.2822832943","42","42","42","45009.009009119814","45009.009009119814","45009.009009119814","42","42","42","1414360.0215635034","1414360.0215635034","1414360.0215635034"
"15","45","45","45","2204210.4258158524","2204210.4258158524","2204210.4258158524","45","45","45","687368.3529700452","687368.3529700452","687368.3529700452","45","45","45","79169.69276988768","79169.69276988768","79169.69276988768","45","45","45","406696.7890977903","406696.7890977903","406696.7890977903","45","45","45","44624.31662442649","44624.31662442649","44624.31662442649","45","45","45","1413821.4522249328","1413821.4522249328","1413821.4522249328"
"16","48","48","48","2199517.1787225935","2199517.1787225935","2199517.1787225935","48","48","48","689445.6918473892","689445.6918473892","689445.6918473892","48","48","48","78861.93886213301","78861.93886213301","78861.93886213301","48","48","48","406235.1582361583","406235.1582361583","406235.1582361583","48","48","48","44932.07053218115","44932.07053218115","44932.07053218115","48","48","48","1415667.9756714609","1415667.9756714609","1415667.9756714609"
"17","51","51","51","2209211.426816866","2209211.426816866","2209211.426816866","51","51","51","686675.9066775972","686675.9066775972","686675.9066775972","51","51","51","79708.26210845834","79708.26210845834","79708.26210845834","51","51","51","409466.5742675823","409466.5742675823","409466.5742675823","51","51","51","44085.74728585582","44085.74728585582","44085.74728585582","51","51","51","1416822.0528255408","1416822.0528255408","1416822.0528255408"
"18","54","54","54","2203979.610385036","2203979.610385036","2203979.610385036","54","54","54","688368.5531702478","688368.5531702478","688368.5531702478","54","54","54","80477.646877845","80477.646877845","80477.646877845","54","54","54","408004.7432057477","408004.7432057477","408004.7432057477","54","54","54","44855.13205524248","44855.13205524248","44855.13205524248","54","54","54","1416591.237394725","1416591.237394725","1416591.237394725"
"19","57","57","57","2204672.0566774844","2204672.0566774844","2204672.0566774844","57","57","57","690830.5844322852","690830.5844322852","690830.5844322852","57","57","57","79939.07753927434","79939.07753927434","79939.07753927434","57","57","57","406850.66605166765","406850.66605166765","406850.66605166765","57","57","57","45085.94748605848","45085.94748605848","45085.94748605848","57","57","57","1415360.2217637063","1415360.2217637063","1415360.2217637063"
"20","60","60","60","2205749.1953546256","2205749.1953546256","2205749.1953546256","60","60","60","691753.8461555492","691753.8461555492","691753.8461555492","60","60","60","81323.97012417033","81323.97012417033","81323.97012417033","60","60","60","409004.9434059503","409004.9434059503","409004.9434059503","60","60","60","44624.31662442649","44624.31662442649","44624.31662442649","60","60","60","1418668.5762720688","1418668.5762720688","1418668.5762720688"
"21","63","63","63","2207211.02641646","2207211.02641646","2207211.02641646","63","63","63","694062.0004637091","694062.0004637091","694062.0004637091","63","63","63","80862.33926253833","80862.33926253833","80862.33926253833","63","63","63","406542.912143913","406542.912143913","406542.912143913","63","63","63","45855.332255445144","45855.332255445144","45855.332255445144","63","63","63","1417899.1915026822","1417899.1915026822","1417899.1915026822"
"22","66","66","66","2209673.0576784974","2209673.0576784974","2209673.0576784974","66","66","66","683213.6752153572","683213.6752153572","683213.6752153572","66","66","66","83093.55509375966","83093.55509375966","83093.55509375966","66","66","66","408081.6816826863","408081.6816826863","408081.6816826863","66","66","66","45009.009009119814","45009.009009119814","45009.009009119814","66","66","66","1417514.4991179889","1417514.4991179889","1417514.4991179889"
"23","69","69","69","2209134.488339927","2209134.488339927","2209134.488339927","69","69","69","691753.8461555492","691753.8461555492","691753.8461555492","69","69","69","83324.37052457566","83324.37052457566","83324.37052457566","69","69","69","409312.697313705","409312.697313705","409312.697313705","69","69","69","45701.45530156781","45701.45530156781","45701.45530156781","69","69","69","1420592.0381955355","1420592.0381955355","1420592.0381955355"
"24","72","72","72","2213289.166094615","2213289.166094615","2213289.166094615","72","72","72","693754.2465559545","693754.2465559545","693754.2465559545","72","72","72","82247.23184743433","82247.23184743433","82247.23184743433","72","72","72","409235.75883676636","409235.75883676636","409235.75883676636","72","72","72","45855.332255445144","45855.332255445144","45855.332255445144","72","72","72","1419514.8995183941","1419514.8995183941","1419514.8995183941"
"25","75","75","75","2213366.1045715534","2213366.1045715534","2213366.1045715534","75","75","75","693600.3696020772","693600.3696020772","693600.3696020772","75","75","75","82170.29337049567","82170.29337049567","82170.29337049567","75","75","75","407312.29691329965","407312.29691329965","407312.29691329965","75","75","75","46009.20920932248","46009.20920932248","46009.20920932248","75","75","75","1416591.237394725","1416591.237394725","1416591.237394725"
"26","78","78","78","2217366.9053723644","2217366.9053723644","2217366.9053723644","78","78","78","688060.7992624932","688060.7992624932","688060.7992624932","78","78","78","81862.539462741","81862.539462741","81862.539462741","78","78","78","412082.482483497","412082.482483497","412082.482483497","78","78","78","45855.332255445144","45855.332255445144","45855.332255445144","78","78","78","1417283.6836871728","1417283.6836871728","1417283.6836871728"
"27","81","81","81","2215058.751064204","2215058.751064204","2215058.751064204","81","81","81","697755.0473567651","697755.0473567651","697755.0473567651","81","81","81","82093.354893557","82093.354893557","82093.354893557","81","81","81","407158.4199594223","407158.4199594223","407158.4199594223","81","81","81","45239.824439935815","45239.824439935815","45239.824439935815","81","81","81","1420438.1612416583","1420438.1612416583","1420438.1612416583"
"28","84","84","84","2217520.7823262415","2217520.7823262415","2217520.7823262415","84","84","84","691138.3383400398","691138.3383400398","691138.3383400398","84","84","84","82939.67813988232","82939.67813988232","82939.67813988232","84","84","84","406927.60452860635","406927.60452860635","406927.60452860635","84","84","84","45701.45530156781","45701.45530156781","45701.45530156781","84","84","84","1417745.314548805","1417745.314548805","1417745.314548805"
"29","87","87","87","2216135.889741346","2216135.889741346","2216135.889741346","87","87","87","687137.5375392291","687137.5375392291","687137.5375392291","87","87","87","81785.60098580233","81785.60098580233","81785.60098580233","87","87","87","411005.34380635567","411005.34380635567","411005.34380635567","87","87","87","45316.76291687448","45316.76291687448","45316.76291687448","87","87","87","1423054.069457573","1423054.069457573","1423054.069457573"
"30","90","90","90","2219367.3057727697","2219367.3057727697","2219367.3057727697","90","90","90","699909.3247110478","699909.3247110478","699909.3247110478","90","90","90","82401.10880131167","82401.10880131167","82401.10880131167","90","90","90","407773.92777493165","407773.92777493165","407773.92777493165","90","90","90","45547.578347690476","45547.578347690476","45547.578347690476","90","90","90","1419822.653426149","1419822.653426149","1419822.653426149"
"31","93","93","93","2218905.6749111377","2218905.6749111377","2218905.6749111377","93","93","93","697524.2319259491","697524.2319259491","697524.2319259491","93","93","93","83093.55509375966","83093.55509375966","83093.55509375966","93","93","93","406465.97366697434","406465.97366697434","406465.97366697434","93","93","93","45778.39377850648","45778.39377850648","45778.39377850648","93","93","93","1422977.1309806341","1422977.1309806341","1422977.1309806341"
"32","96","96","96","2222675.660281132","2222675.660281132","2222675.660281132","96","96","96","693138.7387404451","693138.7387404451","693138.7387404451","96","96","96","83786.00138620766","83786.00138620766","83786.00138620766","96","96","96","410159.0205600303","410159.0205600303","410159.0205600303","96","96","96","46163.08616319981","46163.08616319981","46163.08616319981","96","96","96","1420592.0381955355","1420592.0381955355","1420592.0381955355"
"33","99","99","99","2218751.79795726","2218751.79795726","2218751.79795726","99","99","99","697447.2934490105","697447.2934490105","697447.2934490105","99","99","99","85478.64787885832","85478.64787885832","85478.64787885832","99","99","99","409928.20512921433","409928.20512921433","409928.20512921433","99","99","99","45855.332255445144","45855.332255445144","45855.332255445144","99","99","99","1420745.9151494128","1420745.9151494128","1420745.9151494128"
"34","102","102","102","2219521.182726647","2219521.182726647","2219521.182726647","102","102","102","693985.0619867705","693985.0619867705","693985.0619867705","102","102","102","84170.693770901","84170.693770901","84170.693770901","102","102","102","411390.036191049","411390.036191049","411390.036191049","102","102","102","46316.963117077146","46316.963117077146","46316.963117077146","102","102","102","1420668.9766724743","1420668.9766724743","1420668.9766724743"
"35","105","105","105","2216443.6436491003","2216443.6436491003","2216443.6436491003","105","105","105","687676.1068777998","687676.1068777998","687676.1068777998","105","105","105","84324.57072477831","84324.57072477831","84324.57072477831","105","105","105","408312.49711350235","408312.49711350235","408312.49711350235","105","105","105","46163.08616319981","46163.08616319981","46163.08616319981","105","105","105","1421592.2383957382","1421592.2383957382","1421592.2383957382"
"36","108","108","108","2218136.290141751","2218136.290141751","2218136.290141751","108","108","108","701755.8481575758","701755.8481575758","701755.8481575758","108","108","108","85170.89397110365","85170.89397110365","85170.89397110365","108","108","108","406927.60452860635","406927.60452860635","406927.60452860635","108","108","108","46547.77854789314","46547.77854789314","46547.77854789314","108","108","108","1421669.176872677","1421669.176872677","1421669.176872677"
"37","111","111","111","2215366.5049719587","2215366.5049719587","2215366.5049719587","111","111","111","696447.0932488078","696447.0932488078","696447.0932488078","111","111","111","85632.52483273565","85632.52483273565","85632.52483273565","111","111","111","409466.5742675823","409466.5742675823","409466.5742675823","111","111","111","46240.02464013848","46240.02464013848","46240.02464013848","111","111","111","1421592.2383957382","1421592.2383957382","1421592.2383957382"
"38","114","114","114","2218367.105572567","2218367.105572567","2218367.105572567","114","114","114","696524.0317257465","696524.0317257465","696524.0317257465","114","114","114","83709.06290926899","83709.06290926899","83709.06290926899","114","114","114","410774.52837553964","410774.52837553964","410774.52837553964","114","114","114","45316.76291687448","45316.76291687448","45316.76291687448","114","114","114","1416898.9913024795","1416898.9913024795","1416898.9913024795"
"39","117","117","117","2217213.028418487","2217213.028418487","2217213.028418487","117","117","117","700755.6479573732","700755.6479573732","700755.6479573732","117","117","117","85093.95549416498","85093.95549416498","85093.95549416498","117","117","117","407389.23539023835","407389.23539023835","407389.23539023835","117","117","117","46624.71702483181","46624.71702483181","46624.71702483181","117","117","117","1423207.9464114502","1423207.9464114502","1423207.9464114502"
"40","120","120","120","2220290.5674960334","2220290.5674960334","2220290.5674960334","120","120","120","698293.6166953358","698293.6166953358","698293.6166953358","120","120","120","84324.57072477831","84324.57072477831","84324.57072477831","120","120","120","408928.0049290117","408928.0049290117","408928.0049290117","120","120","120","46393.90159401581","46393.90159401581","46393.90159401581","120","120","120","1420976.7305802288","1420976.7305802288","1420976.7305802288"
"41","123","123","123","2219521.182726647","2219521.182726647","2219521.182726647","123","123","123","690907.5229092238","690907.5229092238","690907.5229092238","123","123","123","84786.20158641032","84786.20158641032","84786.20158641032","123","123","123","410235.959036969","410235.959036969","410235.959036969","123","123","123","46701.655501770474","46701.655501770474","46701.655501770474","123","123","123","1422130.8077343088","1422130.8077343088","1422130.8077343088"
"42","126","126","126","2221521.583127052","2221521.583127052","2221521.583127052","126","126","126","705602.7720045091","705602.7720045091","705602.7720045091","126","126","126","84940.07854028765","84940.07854028765","84940.07854028765","126","126","126","412313.297914313","412313.297914313","412313.297914313","126","126","126","46855.53245564781","46855.53245564781","46855.53245564781","126","126","126","1424515.9005194076","1424515.9005194076","1424515.9005194076"
"43","129","129","129","2214981.8125872654","2214981.8125872654","2214981.8125872654","129","129","129","692292.4154941199","692292.4154941199","692292.4154941199","129","129","129","84940.07854028765","84940.07854028765","84940.07854028765","129","129","129","411082.2822832943","411082.2822832943","411082.2822832943","129","129","129","46470.84007095448","46470.84007095448","46470.84007095448","129","129","129","1419514.8995183941","1419514.8995183941","1419514.8995183941"
"44","132","132","132","2222675.660281132","2222675.660281132","2222675.660281132","132","132","132","699986.2631879864","699986.2631879864","699986.2631879864","132","132","132","85401.70940191965","85401.70940191965","85401.70940191965","132","132","132","412159.42096043564","412159.42096043564","412159.42096043564","132","132","132","46393.90159401581","46393.90159401581","46393.90159401581","132","132","132","1423823.4542269595","1423823.4542269595","1423823.4542269595"
"45","135","135","135","2225137.6915431693","2225137.6915431693","2225137.6915431693","135","135","135","707910.9263126691","707910.9263126691","707910.9263126691","135","135","135","84632.32463253298","84632.32463253298","84632.32463253298","135","135","135","409928.20512921433","409928.20512921433","409928.20512921433","135","135","135","46393.90159401581","46393.90159401581","46393.90159401581","135","135","135","1423669.5772730822","1423669.5772730822","1423669.5772730822"
"46","138","138","138","2225137.6915431693","2225137.6915431693","2225137.6915431693","138","138","138","700294.0170957411","700294.0170957411","700294.0170957411","138","138","138","85478.64787885832","85478.64787885832","85478.64787885832","138","138","138","412621.05182206765","412621.05182206765","412621.05182206765","138","138","138","46778.59397870914","46778.59397870914","46778.59397870914","138","138","138","1421899.992303493","1421899.992303493","1421899.992303493"
"47","141","141","141","2214289.3662948175","2214289.3662948175","2214289.3662948175","141","141","141","693677.3080790158","693677.3080790158","693677.3080790158","141","141","141","86632.72503293831","86632.72503293831","86632.72503293831","141","141","141","409312.697313705","409312.697313705","409312.697313705","141","141","141","46778.59397870914","46778.59397870914","46778.59397870914","141","141","141","1430209.347812869","1430209.347812869","1430209.347812869"
"48","144","144","144","2224137.491342967","2224137.491342967","2224137.491342967","144","144","144","706910.7261124664","706910.7261124664","706910.7261124664","144","144","144","84632.32463253298","84632.32463253298","84632.32463253298","144","144","144","414775.3291763503","414775.3291763503","414775.3291763503","144","144","144","46163.08616319981","46163.08616319981","46163.08616319981","144","144","144","1425285.2852887942","1425285.2852887942","1425285.2852887942"
"49","147","147","147","2225984.0147894947","2225984.0147894947","2225984.0147894947","147","147","147","699447.6938494158","699447.6938494158","699447.6938494158","147","147","147","86171.09417130631","86171.09417130631","86171.09417130631","147","147","147","410082.08208309166","410082.08208309166","410082.08208309166","147","147","147","46547.77854789314","46547.77854789314","46547.77854789314","147","147","147","1426439.3624428741","1426439.3624428741","1426439.3624428741"